order_id,order_date,customer_id,category,supplier,region,marketing_channel,price,quantity,delivery_days,is_returned,return_reason,is_damaged,pred_return_prob
O1001,2024-01-14,C523,Electronics,ElectroWorld,West,YouTube Ads,35854.82,3,9,0,,,0.14788646231058222
O1002,2024-04-24,C249,Home Decor,DecoHub,South,Google Ads,37367.13,3,3,0,,,0.07646814449413697
O1003,2024-03-11,C143,Sports,FitNation,West,Facebook,9132.39,3,8,1,Quality issue,1.0,0.1071168325881456
O1004,2024-05-14,C239,Beauty,GlowStore,North,Facebook,10105.76,3,7,1,Defective,1.0,0.050290190899561764
O1005,2024-02-28,C463,Sports,ProGear,North,YouTube Ads,18695.95,1,3,0,,,0.058691582836056
O1006,2024-05-19,C533,Electronics,TechZone,West,Facebook,11911.23,2,7,0,,,0.02839975891996417
O1007,2024-02-16,C142,Home Decor,DecoHub,North,Google Ads,47120.55,2,3,0,,,0.04835693294660102
O1008,2024-01-25,C223,Home Decor,DecoHub,North,Instagram,27613.62,2,3,0,,,0.027144234153506253
O1009,2024-01-13,C532,Beauty,GlowStore,West,Facebook,32302.36,1,2,0,,,0.045751139033011395
O1010,2024-03-27,C587,Sports,FitNation,East,Instagram,1973.01,2,9,0,,,0.060120860999841146
O1011,2024-04-10,C128,Fashion,UrbanLook,North,Google Ads,4525.19,1,5,1,Late Delivery,0.0,0.03174870606683127
O1012,2024-01-29,C452,Beauty,GlowStore,North,Email,21733.47,2,9,0,,,0.07050571983738778
O1013,2024-05-21,C588,Home Decor,DecoHub,South,Email,18619.15,1,9,0,,,0.052216680104960014
O1014,2024-04-10,C356,Sports,ProGear,South,Google Ads,12291.21,2,6,0,,,0.09637119433808468
O1015,2024-03-12,C220,Home Decor,DecoHub,East,Email,10745.04,3,7,0,,,0.04547981287689743
O1016,2024-05-14,C171,Electronics,ElectroWorld,East,Facebook,14038.12,1,7,0,,,0.02520769050653743
O1017,2024-05-04,C254,Beauty,GlowStore,East,Email,12381.43,3,6,0,,,0.06897345859154748
O1018,2024-02-26,C233,Home Decor,HomeEssence,South,Facebook,15755.08,1,8,0,,,0.024880112431093195
O1019,2024-05-29,C342,Fashion,UrbanLook,East,Facebook,22921.53,3,9,0,,,0.05727345306651956
O1020,2024-06-27,C390,Sports,FitNation,West,Google Ads,37512.85,3,7,0,,,0.19304757910207412
O1021,2024-03-16,C302,Fashion,StyleHub,East,Google Ads,35419.78,2,8,0,,,0.03988384240587895
O1022,2024-05-18,C154,Electronics,ElectroWorld,North,Google Ads,41997.32,2,2,0,,,0.05265424142583819
O1023,2024-05-18,C328,Electronics,ElectroWorld,North,YouTube Ads,37066.29,1,7,0,,,0.06146426958274027
O1024,2024-06-24,C433,Sports,FitNation,East,Email,13916.71,3,6,1,Late Delivery,0.0,0.08722235957543734
O1025,2024-01-29,C331,Sports,ProGear,South,Facebook,45956.82,3,6,0,,,0.1187957174294814
O1026,2024-02-05,C137,Home Decor,HomeEssence,East,Facebook,14021.26,2,6,1,Size Issue,0.0,0.017346933712901767
O1027,2024-03-20,C449,Electronics,SmartBuy,West,Facebook,18480.05,3,9,0,,,0.026966258227979104
O1028,2024-04-24,C437,Fashion,StyleHub,West,Google Ads,38330.59,3,4,0,,,0.05895703894916003
O1029,2024-01-03,C224,Beauty,BeautyCart,West,Google Ads,42086.68,1,5,0,,,0.08174349772311756
O1030,2024-05-29,C226,Home Decor,DecoHub,West,Email,27415.63,2,9,1,Quality issue,1.0,0.08611666395134686
O1031,2024-04-17,C394,Fashion,TrendWear,South,Facebook,7868.76,1,3,1,Size Issue,0.0,0.028636940683293127
O1032,2024-01-28,C311,Fashion,TrendWear,West,Google Ads,34453.39,2,9,1,Not as described,0.0,0.11318049903120768
O1033,2024-02-01,C447,Electronics,ElectroWorld,North,Email,36096.84,3,7,0,,,0.07498387837737183
O1034,2024-06-23,C432,Home Decor,DecoHub,South,YouTube Ads,49524.85,3,10,1,Size Issue,0.0,0.13695778573771566
O1035,2024-04-23,C263,Fashion,UrbanLook,South,Google Ads,7495.1,1,8,0,,,0.06363841014967403
O1036,2024-04-11,C579,Beauty,BeautyCart,South,Email,13458.76,3,6,0,,,0.08173244982927487
O1037,2024-05-14,C495,Fashion,StyleHub,South,Email,7708.97,2,5,0,,,0.030768361724408756
O1038,2024-06-22,C399,Beauty,BeautyCart,South,Facebook,46424.11,2,4,0,,,0.06254512963654509
O1039,2024-03-18,C422,Fashion,UrbanLook,West,Email,26840.95,3,8,0,,,0.12212807612101118
O1040,2024-03-19,C290,Beauty,GlowStore,West,Email,28231.99,1,5,1,Size Issue,0.0,0.07063115013279843
O1041,2024-04-10,C490,Fashion,UrbanLook,North,Email,10769.99,1,3,0,,,0.033109439479701394
O1042,2024-02-21,C553,Fashion,TrendWear,North,Facebook,35403.11,3,3,0,,,0.047450618656835364
O1043,2024-05-17,C246,Electronics,TechZone,North,Google Ads,30359.94,1,9,0,,,0.0347742883092708
O1044,2024-01-03,C229,Home Decor,DecoHub,West,Google Ads,43845.85,1,6,0,,,0.06728792194624991
O1045,2024-05-31,C263,Electronics,SmartBuy,East,Facebook,40706.74,1,6,1,Not as described,0.0,0.012956981347471424
O1046,2024-04-03,C384,Electronics,ElectroWorld,West,Email,37696.24,2,10,0,,,0.11012481283590558
O1047,2024-01-16,C381,Home Decor,DecoHub,East,Google Ads,44545.62,3,9,0,,,0.08372002753013003
O1048,2024-03-19,C403,Fashion,TrendWear,West,Google Ads,43139.1,3,4,0,,,0.1303722079806937
O1049,2024-03-20,C433,Sports,FitNation,South,Email,44326.23,1,9,0,,,0.1528291896673955
O1050,2024-03-29,C368,Fashion,TrendWear,East,Email,44421.19,1,7,1,Size Issue,0.0,0.06588395441460523
O1051,2024-04-19,C360,Home Decor,HomeEssence,East,Facebook,11778.71,3,7,0,,,0.02414950547230978
O1052,2024-04-29,C396,Sports,FitNation,West,Facebook,25914.17,3,5,0,,,0.09973792513742062
O1053,2024-04-24,C400,Home Decor,HomeEssence,East,Email,36567.44,3,9,0,,,0.059126007811384676
O1054,2024-01-06,C534,Sports,FitNation,North,Facebook,16544.44,1,4,0,,,0.036412485995312875
O1055,2024-01-07,C147,Fashion,StyleHub,South,YouTube Ads,26851.09,2,8,1,Not as described,0.0,0.0527776745876583
O1056,2024-04-23,C207,Home Decor,DecoHub,West,Google Ads,4774.1,2,8,1,Size Issue,0.0,0.048373631545432616
O1057,2024-03-11,C329,Beauty,BeautyCart,South,Instagram,32249.49,3,2,0,,,0.06660539398964475
O1058,2024-04-17,C401,Fashion,UrbanLook,West,Instagram,26036.9,1,2,0,,,0.046007364781047326
O1059,2024-04-02,C229,Electronics,SmartBuy,East,YouTube Ads,5426.54,2,2,0,,,0.016056984030174252
O1060,2024-06-01,C206,Electronics,TechZone,South,Instagram,5652.57,1,5,1,Size Issue,0.0,0.01968719514354041
O1061,2024-03-25,C118,Electronics,TechZone,North,Facebook,31871.56,2,8,1,Late Delivery,0.0,0.0235989178474034
O1062,2024-02-08,C486,Sports,ProGear,West,YouTube Ads,28502.07,1,7,0,,,0.12385837725604622
O1063,2024-04-06,C593,Beauty,BeautyCart,East,YouTube Ads,19180.98,2,9,0,,,0.0742512256678809
O1064,2024-03-04,C218,Home Decor,HomeEssence,East,Instagram,38093.69,2,5,1,Quality issue,1.0,0.03549602144603143
O1065,2024-03-11,C236,Electronics,ElectroWorld,South,Email,16206.17,3,3,0,,,0.06796601950888703
O1066,2024-01-16,C412,Home Decor,DecoHub,East,YouTube Ads,12605.97,3,10,1,Not as described,0.0,0.06072249612406822
O1067,2024-02-09,C371,Fashion,StyleHub,South,Instagram,25760.32,3,2,1,Late Delivery,0.0,0.02912194298189724
O1068,2024-06-08,C243,Sports,ProGear,East,YouTube Ads,45701.59,3,8,1,Defective,1.0,0.1934513516144473
O1069,2024-03-30,C343,Electronics,SmartBuy,West,YouTube Ads,35316.44,1,7,0,,,0.038178539817664045
O1070,2024-05-22,C328,Electronics,ElectroWorld,West,Facebook,27089.94,3,5,0,,,0.059343043804978006
O1071,2024-02-16,C312,Home Decor,DecoHub,West,Google Ads,19554.99,2,6,1,Not as described,0.0,0.05354323729087071
O1072,2024-05-24,C272,Fashion,UrbanLook,East,Email,4418.64,2,5,0,,,0.04435394868688959
O1073,2024-04-15,C236,Home Decor,HomeEssence,South,Google Ads,8600.62,1,7,1,Size Issue,0.0,0.030895208701556966
O1074,2024-04-17,C295,Sports,ProGear,West,YouTube Ads,18050.32,2,6,0,,,0.12433337167330476
O1075,2024-06-04,C242,Home Decor,DecoHub,East,Google Ads,22221.53,1,6,0,,,0.03460563866751764
O1076,2024-06-16,C399,Home Decor,HomeEssence,South,Instagram,34786.78,1,4,0,,,0.031175137481637243
O1077,2024-03-05,C519,Sports,ProGear,East,Facebook,39910.31,1,2,1,Late Delivery,0.0,0.03917823817487511
O1078,2024-05-05,C401,Fashion,UrbanLook,South,YouTube Ads,38834.95,1,2,1,Not as described,0.0,0.07668237430168064
O1079,2024-03-15,C252,Home Decor,DecoHub,East,Google Ads,23721.95,2,7,1,Size Issue,0.0,0.04185280784599188
O1080,2024-06-07,C257,Electronics,TechZone,North,Instagram,48623.2,3,3,0,,,0.03673466347526683
O1081,2024-03-02,C128,Fashion,TrendWear,West,Google Ads,15582.51,1,5,0,,,0.0638706951170696
O1082,2024-05-21,C366,Sports,FitNation,North,Email,48100.67,3,5,0,,,0.1339697323089037
O1083,2024-01-14,C358,Sports,FitNation,North,YouTube Ads,24260.77,2,7,0,,,0.1072313245674552
O1084,2024-02-26,C299,Sports,FitNation,North,Google Ads,41609.14,1,7,0,,,0.09545783888462683
O1085,2024-06-26,C234,Beauty,GlowStore,East,Facebook,26143.01,1,10,1,Quality issue,1.0,0.05244368942792923
O1086,2024-01-07,C138,Beauty,GlowStore,South,Email,41367.82,1,5,0,,,0.09008044785735758
O1087,2024-03-02,C301,Sports,FitNation,West,Facebook,4367.07,2,6,1,Late Delivery,0.0,0.058463264162158024
O1088,2024-02-11,C285,Electronics,ElectroWorld,North,Email,14335.51,1,10,0,,,0.043097753759004105
O1089,2024-02-02,C399,Sports,FitNation,East,YouTube Ads,47315.56,2,5,1,Defective,1.0,0.15969698489936388
O1090,2024-05-07,C271,Fashion,TrendWear,North,Instagram,8876.48,2,10,0,,,0.045645026597567626
O1091,2024-04-20,C520,Sports,ProGear,West,Google Ads,594.29,3,10,0,,,0.12563062439200506
O1092,2024-06-01,C264,Electronics,SmartBuy,West,Facebook,36892.89,3,9,0,,,0.03517716848162177
O1093,2024-05-04,C184,Fashion,UrbanLook,South,Facebook,16794.45,1,6,0,,,0.04119815871672539
O1094,2024-06-03,C318,Home Decor,DecoHub,North,Facebook,35105.86,1,8,0,,,0.027224078380526637
O1095,2024-05-08,C330,Sports,FitNation,South,Google Ads,32810.82,2,8,0,,,0.1558196168655685
O1096,2024-06-08,C289,Fashion,UrbanLook,North,Email,48103.44,3,7,0,,,0.10354842237185172
O1097,2024-01-05,C185,Sports,FitNation,West,Facebook,30690.24,2,5,1,Size Issue,0.0,0.07990824900356376
O1098,2024-06-09,C108,Sports,FitNation,South,YouTube Ads,18239.23,3,7,0,,,0.17143400414736032
O1099,2024-01-04,C222,Electronics,SmartBuy,West,Facebook,13139.25,1,6,0,,,0.0138091469310106
O1100,2024-06-16,C136,Sports,FitNation,East,YouTube Ads,6588.78,3,6,0,,,0.10398641145310553
O1101,2024-03-01,C483,Home Decor,HomeEssence,South,Google Ads,27670.35,1,3,0,,,0.03591014289279853
O1102,2024-04-01,C107,Fashion,StyleHub,West,YouTube Ads,7397.73,1,7,1,Quality issue,1.0,0.04056134184424818
O1103,2024-06-19,C448,Home Decor,DecoHub,East,Google Ads,34677.22,1,10,0,,,0.05134028409038825
O1104,2024-04-25,C432,Fashion,TrendWear,West,Instagram,32904.35,1,9,0,,,0.07520413313790122
O1105,2024-03-08,C316,Sports,FitNation,North,Google Ads,21031.14,3,3,0,,,0.08719654424340598
O1106,2024-03-01,C463,Fashion,TrendWear,West,Facebook,22095.56,2,9,0,,,0.06731774439751877
O1107,2024-05-05,C203,Fashion,UrbanLook,South,Google Ads,47245.72,2,3,0,,,0.10312447912451136
O1108,2024-06-11,C209,Fashion,StyleHub,West,Google Ads,16510.02,1,10,1,Late Delivery,0.0,0.03602364635756799
O1109,2024-05-07,C137,Home Decor,DecoHub,South,Google Ads,5236.81,2,9,0,,,0.054835559944309296
O1110,2024-03-02,C109,Electronics,SmartBuy,North,Email,39485.68,3,3,1,Late Delivery,0.0,0.02395978276803105
O1111,2024-02-26,C175,Sports,FitNation,North,YouTube Ads,24762.01,1,5,1,Not as described,0.0,0.07312330792074061
O1112,2024-02-09,C553,Electronics,SmartBuy,South,Email,22219.22,1,10,0,,,0.029694542328472698
O1113,2024-02-29,C141,Beauty,GlowStore,North,Email,48875.95,1,4,0,,,0.06450785525672388
O1114,2024-01-04,C197,Electronics,SmartBuy,East,Google Ads,31732.55,2,7,0,,,0.02629503306000812
O1115,2024-04-17,C401,Sports,FitNation,West,Email,39165.53,2,2,0,,,0.12567395988873284
O1116,2024-06-04,C137,Fashion,StyleHub,East,Email,19743.23,2,3,0,,,0.023385015895077053
O1117,2024-06-23,C439,Electronics,ElectroWorld,East,Facebook,6045.79,3,10,0,,,0.0402715667947943
O1118,2024-01-31,C420,Fashion,UrbanLook,East,YouTube Ads,14784.64,3,6,0,,,0.08039834416241347
O1119,2024-01-20,C558,Beauty,GlowStore,South,YouTube Ads,33168.88,1,3,0,,,0.08766943218879211
O1120,2024-02-12,C434,Electronics,SmartBuy,South,Facebook,7425.27,2,5,0,,,0.014445729296953858
O1121,2024-03-30,C333,Sports,FitNation,West,Email,29599.62,1,8,1,Defective,1.0,0.14190819830058912
O1122,2024-02-10,C271,Electronics,ElectroWorld,East,YouTube Ads,43866.37,1,10,0,,,0.08425127667959668
O1123,2024-02-09,C145,Electronics,ElectroWorld,West,Instagram,22042.27,1,10,0,,,0.05658102265515196
O1124,2024-06-03,C450,Fashion,UrbanLook,West,Google Ads,1968.07,1,10,0,,,0.06731498077489956
O1125,2024-01-29,C371,Sports,FitNation,West,Email,30425.23,1,4,0,,,0.10216246766734212
O1126,2024-01-21,C268,Fashion,StyleHub,West,Instagram,9070.6,1,5,0,,,0.020002689637794786
O1127,2024-05-07,C190,Sports,ProGear,South,Instagram,29084.97,1,3,0,,,0.06395904357524536
O1128,2024-06-23,C324,Sports,ProGear,West,YouTube Ads,16239.1,1,6,0,,,0.10014060521051357
O1129,2024-03-16,C522,Electronics,TechZone,North,Facebook,16515.16,2,6,0,,,0.018584081423113734
O1130,2024-04-15,C333,Fashion,TrendWear,North,Email,40322.46,3,5,0,,,0.08599651859593015
O1131,2024-03-29,C291,Fashion,TrendWear,North,YouTube Ads,38209.67,2,3,0,,,0.07451583005354463
O1132,2024-05-13,C173,Beauty,BeautyCart,North,Facebook,6316.53,3,8,0,,,0.036314372062316864
O1133,2024-06-17,C181,Electronics,ElectroWorld,East,Instagram,44519.1,1,9,0,,,0.05151990194767534
O1134,2024-04-30,C443,Electronics,TechZone,West,Google Ads,20402.82,1,6,0,,,0.03933540246166586
O1135,2024-03-02,C349,Home Decor,DecoHub,South,Facebook,27294.91,1,6,0,,,0.03264952302613684
O1136,2024-02-24,C590,Electronics,TechZone,North,Facebook,4660.6,2,8,0,,,0.017462530532310498
O1137,2024-04-14,C148,Sports,ProGear,North,Facebook,16062.37,3,7,1,Not as described,0.0,0.05178810103519494
O1138,2024-03-08,C419,Electronics,SmartBuy,North,Email,36605.77,3,5,1,Quality issue,1.0,0.03295513005198107
O1139,2024-03-29,C143,Fashion,UrbanLook,North,Facebook,8925.62,1,6,0,,,0.024569218213208312
O1140,2024-04-23,C278,Fashion,TrendWear,South,YouTube Ads,30461.83,3,10,1,Quality issue,1.0,0.1907433914751587
O1141,2024-05-08,C118,Fashion,StyleHub,West,Email,36136.19,3,7,0,,,0.06492117031600513
O1142,2024-05-09,C426,Fashion,StyleHub,East,YouTube Ads,30044.75,3,7,1,Size Issue,0.0,0.046183208640655275
O1143,2024-05-12,C251,Fashion,UrbanLook,South,Google Ads,14519.13,2,7,0,,,0.08135419351795065
O1144,2024-01-26,C221,Fashion,StyleHub,West,Email,38468.35,3,10,0,,,0.07849915548077568
O1145,2024-02-19,C576,Home Decor,DecoHub,East,Google Ads,4292.05,1,10,0,,,0.03327189403819238
O1146,2024-03-03,C125,Beauty,GlowStore,North,Facebook,39852.6,1,8,0,,,0.04601218977626207
O1147,2024-03-22,C226,Beauty,BeautyCart,West,Instagram,11437.44,3,7,0,,,0.06674281617441898
O1148,2024-03-29,C287,Electronics,ElectroWorld,West,Google Ads,17617.45,3,7,0,,,0.09051882889330708
O1149,2024-02-21,C108,Sports,ProGear,East,Email,39283.3,3,8,0,,,0.1313929198078773
O1150,2024-03-31,C449,Electronics,TechZone,North,Instagram,36740.73,3,4,0,,,0.03270378248024781
O1151,2024-02-12,C260,Electronics,TechZone,North,Instagram,44251.0,2,4,0,,,0.02954640258472416
O1152,2024-02-05,C288,Fashion,StyleHub,East,Google Ads,20886.05,2,5,0,,,0.027454580490689127
O1153,2024-04-25,C476,Electronics,SmartBuy,North,YouTube Ads,12897.66,3,3,0,,,0.021887757814736904
O1154,2024-02-21,C461,Electronics,TechZone,South,YouTube Ads,16732.12,2,3,0,,,0.04472870509866777
O1155,2024-04-05,C408,Fashion,StyleHub,East,YouTube Ads,21617.57,2,6,0,,,0.03459907025843776
O1156,2024-04-06,C574,Home Decor,DecoHub,West,Google Ads,894.44,1,7,0,,,0.038704079940927026
O1157,2024-05-28,C314,Fashion,TrendWear,East,Email,3347.95,2,6,0,,,0.047175822479671274
O1158,2024-05-10,C598,Home Decor,HomeEssence,North,Facebook,31927.5,3,9,0,,,0.03374713352384155
O1159,2024-03-07,C526,Beauty,GlowStore,East,Google Ads,42820.02,1,5,1,Late Delivery,0.0,0.0628191819539075
O1160,2024-03-24,C425,Electronics,ElectroWorld,East,Instagram,28025.83,2,6,0,,,0.04262640027182178
O1161,2024-01-19,C173,Home Decor,DecoHub,South,YouTube Ads,4374.6,1,10,0,,,0.05474558490946764
O1162,2024-05-17,C166,Sports,FitNation,East,Google Ads,48891.54,3,3,0,,,0.13417863073260253
O1163,2024-06-17,C563,Home Decor,DecoHub,South,YouTube Ads,5545.7,2,2,0,,,0.044470066550536376
O1164,2024-05-20,C506,Electronics,SmartBuy,North,YouTube Ads,1032.56,1,6,0,,,0.014203366989730293
O1165,2024-03-21,C564,Electronics,TechZone,North,YouTube Ads,28803.63,2,6,0,,,0.04194145950474025
O1166,2024-06-14,C168,Sports,ProGear,East,Google Ads,7063.0,1,10,1,Late Delivery,0.0,0.05995462074380714
O1167,2024-05-14,C514,Electronics,SmartBuy,East,Instagram,38728.99,3,6,0,,,0.025176371446061895
O1168,2024-02-08,C478,Home Decor,DecoHub,East,Google Ads,8310.42,3,4,0,,,0.038582175565128926
O1169,2024-04-02,C457,Fashion,UrbanLook,South,Email,25100.61,2,8,1,Size Issue,0.0,0.08768869959479605
O1170,2024-06-16,C384,Sports,ProGear,South,Email,2237.43,2,3,0,,,0.06964430790816158
O1171,2024-04-10,C252,Fashion,UrbanLook,South,Instagram,6245.17,3,9,0,,,0.0740291206295318
O1172,2024-05-10,C233,Sports,FitNation,East,Instagram,32306.23,2,6,0,,,0.07817979936248366
O1173,2024-05-06,C134,Sports,ProGear,East,Google Ads,12882.53,2,8,0,,,0.07840271795991824
O1174,2024-06-13,C216,Fashion,UrbanLook,East,Google Ads,37130.0,1,5,0,,,0.05923511604039139
O1175,2024-01-01,C260,Fashion,StyleHub,South,Google Ads,41883.16,2,10,1,Quality issue,1.0,0.07843795080840553
O1176,2024-02-12,C404,Sports,FitNation,South,YouTube Ads,1023.68,2,8,0,,,0.12004423204018008
O1177,2024-03-10,C458,Beauty,BeautyCart,East,YouTube Ads,21108.54,2,6,0,,,0.06511702447983223
O1178,2024-02-10,C519,Home Decor,DecoHub,West,YouTube Ads,36192.25,2,2,0,,,0.07032589567720829
O1179,2024-05-01,C414,Home Decor,DecoHub,South,Email,18060.84,2,6,0,,,0.05415760292026263
O1180,2024-03-31,C508,Fashion,UrbanLook,West,YouTube Ads,33079.44,2,7,0,,,0.12485854412100932
O1181,2024-02-28,C490,Fashion,UrbanLook,East,Instagram,7777.64,2,9,0,,,0.044435362577845895
O1182,2024-03-08,C453,Home Decor,DecoHub,South,Facebook,1387.27,3,2,0,,,0.027445210549223574
O1183,2024-06-08,C189,Beauty,BeautyCart,South,Facebook,40209.26,2,6,0,,,0.06376518993890398
O1184,2024-06-12,C256,Fashion,UrbanLook,North,Instagram,23052.28,3,5,0,,,0.051207894366938095
O1185,2024-04-16,C311,Electronics,SmartBuy,South,Google Ads,33153.85,3,3,1,Quality issue,1.0,0.043419608306377186
O1186,2024-06-29,C109,Beauty,BeautyCart,South,Google Ads,35289.57,2,2,0,,,0.07568225286521378
O1187,2024-05-28,C365,Home Decor,DecoHub,South,Facebook,4592.66,2,3,0,,,0.024601243181542852
O1188,2024-03-01,C597,Beauty,BeautyCart,East,Instagram,15151.47,2,7,0,,,0.04006156926542877
O1189,2024-01-31,C113,Fashion,TrendWear,South,Google Ads,13654.89,2,5,0,,,0.07404337437218611
O1190,2024-03-21,C390,Fashion,StyleHub,East,Facebook,44007.71,3,9,0,,,0.036836892162266835
O1191,2024-05-04,C183,Home Decor,DecoHub,North,YouTube Ads,22287.55,3,6,0,,,0.05776514863864318
O1192,2024-04-20,C497,Beauty,GlowStore,South,Instagram,26609.19,1,2,0,,,0.04848400368279646
O1193,2024-01-26,C472,Electronics,TechZone,East,Google Ads,37632.06,1,10,1,Late Delivery,0.0,0.03963264408250214
O1194,2024-05-20,C513,Fashion,TrendWear,North,YouTube Ads,13759.92,2,4,0,,,0.05588675644535753
O1195,2024-06-25,C586,Sports,ProGear,East,Google Ads,34062.61,3,6,0,,,0.11453024215182893
O1196,2024-04-09,C341,Home Decor,HomeEssence,North,Facebook,38089.52,2,6,0,,,0.0253524100586499
O1197,2024-05-26,C366,Electronics,ElectroWorld,West,Email,49383.68,1,2,0,,,0.07012109187463567
O1198,2024-02-10,C394,Sports,ProGear,South,Email,9427.69,1,4,0,,,0.06629039756655575
O1199,2024-04-14,C284,Electronics,SmartBuy,West,Email,32616.79,3,4,1,Late Delivery,0.0,0.03534070131028772
O1200,2024-01-04,C260,Fashion,StyleHub,South,Google Ads,19588.57,1,8,1,Late Delivery,0.0,0.032816255377700464
O1201,2024-04-14,C117,Beauty,GlowStore,West,Google Ads,8992.18,3,7,0,,,0.10112516082286732
O1202,2024-06-07,C409,Home Decor,DecoHub,East,YouTube Ads,7245.31,2,2,0,,,0.03260380994924872
O1203,2024-02-26,C539,Sports,FitNation,North,Email,7264.66,2,2,0,,,0.05411140866473131
O1204,2024-06-22,C378,Fashion,StyleHub,East,Google Ads,43430.5,1,3,0,,,0.027614364778682076
O1205,2024-06-23,C212,Sports,ProGear,North,Instagram,41618.03,1,3,1,Size Issue,0.0,0.04690758318039131
O1206,2024-05-18,C470,Sports,FitNation,South,Instagram,32259.48,1,10,0,,,0.10810445870909244
O1207,2024-01-27,C466,Fashion,TrendWear,North,Google Ads,24045.44,2,6,0,,,0.06113018640195807
O1208,2024-03-19,C347,Sports,FitNation,West,Instagram,7873.65,2,3,0,,,0.06762121757587704
O1209,2024-06-10,C420,Beauty,BeautyCart,South,Google Ads,24068.41,1,2,1,Late Delivery,0.0,0.04814168261136975
O1210,2024-03-30,C436,Fashion,UrbanLook,East,Google Ads,26820.17,1,10,1,Quality issue,1.0,0.07756037110354462
O1211,2024-01-30,C467,Home Decor,HomeEssence,West,Facebook,33074.7,2,10,1,Not as described,0.0,0.041117591341741255
O1212,2024-06-15,C399,Beauty,BeautyCart,West,Facebook,21942.65,2,6,0,,,0.050712784620652776
O1213,2024-02-08,C512,Home Decor,HomeEssence,South,Instagram,47826.92,2,3,0,,,0.0438496555952387
O1214,2024-03-15,C351,Beauty,GlowStore,East,Google Ads,5332.48,3,3,1,Late Delivery,0.0,0.05016748892235927
O1215,2024-02-21,C192,Beauty,BeautyCart,North,Email,8945.3,1,2,0,,,0.027575185389814096
O1216,2024-01-17,C403,Fashion,StyleHub,West,YouTube Ads,29760.41,2,5,1,Not as described,0.0,0.04812301596594318
O1217,2024-03-22,C568,Sports,FitNation,South,Email,8206.43,2,9,0,,,0.11568186010886669
O1218,2024-01-09,C200,Electronics,TechZone,East,YouTube Ads,37510.88,2,7,0,,,0.053479321412473024
O1219,2024-06-24,C495,Beauty,GlowStore,North,Google Ads,46278.39,2,7,1,Quality issue,1.0,0.1059935361416487
O1220,2024-05-18,C488,Sports,FitNation,West,Google Ads,41403.65,1,10,0,,,0.16302429181706682
O1221,2024-06-04,C261,Electronics,ElectroWorld,East,YouTube Ads,19734.79,3,6,0,,,0.07320385877906385
O1222,2024-02-10,C387,Beauty,GlowStore,North,Email,48171.35,1,3,1,Not as described,0.0,0.05523606639308861
O1223,2024-04-02,C200,Sports,FitNation,North,Google Ads,49147.75,2,2,0,,,0.09950083547158471
O1224,2024-04-05,C513,Fashion,TrendWear,East,Instagram,38642.42,2,9,0,,,0.07014225349384304
O1225,2024-04-22,C466,Sports,FitNation,West,Instagram,41795.35,1,9,0,,,0.1196689696653785
O1226,2024-04-25,C544,Sports,ProGear,West,YouTube Ads,14260.05,2,10,0,,,0.14404650687418977
O1227,2024-06-15,C501,Fashion,StyleHub,South,Google Ads,36917.49,3,2,0,,,0.05051437133773584
O1228,2024-02-25,C222,Electronics,SmartBuy,South,Instagram,23430.81,3,10,0,,,0.03523683391904922
O1229,2024-03-22,C357,Home Decor,HomeEssence,East,Facebook,35908.01,2,4,0,,,0.0235207686107214
O1230,2024-01-16,C545,Electronics,TechZone,North,Facebook,31102.43,1,7,0,,,0.01965724052276704
O1231,2024-02-23,C300,Home Decor,HomeEssence,West,Instagram,31105.19,2,9,0,,,0.04915330555394448
O1232,2024-04-06,C127,Sports,FitNation,East,Instagram,19258.51,3,10,1,Quality issue,1.0,0.11316151037468118
O1233,2024-05-04,C207,Sports,FitNation,West,Email,19571.11,3,5,0,,,0.13643924673192973
O1234,2024-04-14,C478,Fashion,UrbanLook,West,Facebook,3682.46,2,7,0,,,0.04564610430302063
O1235,2024-01-13,C368,Home Decor,HomeEssence,South,Google Ads,29931.04,3,9,0,,,0.0770187152570895
O1236,2024-05-31,C276,Home Decor,HomeEssence,West,Instagram,19774.59,1,5,1,Size Issue,0.0,0.024790417810048683
O1237,2024-06-28,C471,Sports,ProGear,North,Email,39445.62,3,4,0,,,0.10142316678578067
O1238,2024-01-05,C575,Electronics,ElectroWorld,North,YouTube Ads,24964.45,3,5,1,Not as described,0.0,0.06392715834936989
O1239,2024-02-22,C115,Fashion,TrendWear,South,YouTube Ads,26318.65,3,3,0,,,0.11275552193337729
O1240,2024-03-14,C236,Home Decor,HomeEssence,South,Google Ads,32176.11,1,6,0,,,0.04507759921534067
O1241,2024-01-10,C470,Beauty,BeautyCart,West,Email,42215.38,2,4,0,,,0.09184614621963767
O1242,2024-06-11,C101,Electronics,TechZone,East,Instagram,31987.61,2,2,0,,,0.023687091945738727
O1243,2024-02-04,C304,Sports,FitNation,North,Email,5430.59,2,6,0,,,0.06525322365707473
O1244,2024-04-19,C459,Electronics,ElectroWorld,South,Google Ads,3907.38,3,5,0,,,0.06574413917672535
O1245,2024-05-16,C555,Sports,ProGear,South,YouTube Ads,21884.97,2,9,1,Defective,1.0,0.16874662032180157
O1246,2024-06-21,C195,Sports,ProGear,South,Instagram,38629.49,1,5,0,,,0.08105957125940222
O1247,2024-01-24,C553,Beauty,BeautyCart,North,Google Ads,33737.75,2,6,0,,,0.06202970769090791
O1248,2024-05-03,C384,Beauty,BeautyCart,West,Facebook,7610.26,2,10,1,Late Delivery,0.0,0.04677193047548897
O1249,2024-04-23,C200,Sports,ProGear,North,Facebook,15821.87,1,10,0,,,0.04408329647842635
O1250,2024-02-14,C514,Sports,ProGear,West,Google Ads,11082.09,3,9,1,Size Issue,0.0,0.12581674718763738
O1251,2024-06-28,C128,Home Decor,DecoHub,West,Email,20318.41,2,7,0,,,0.06061315527743273
O1252,2024-06-02,C400,Sports,ProGear,West,Google Ads,43972.07,2,3,0,,,0.12933532364993622
O1253,2024-03-02,C268,Fashion,UrbanLook,North,YouTube Ads,21901.89,1,9,0,,,0.06517510034044977
O1254,2024-01-22,C238,Beauty,GlowStore,West,Google Ads,28801.81,1,3,0,,,0.07246543873150892
O1255,2024-05-15,C355,Beauty,BeautyCart,East,Facebook,18790.41,3,2,1,Late Delivery,0.0,0.030429398796216492
O1256,2024-02-16,C416,Beauty,GlowStore,North,Facebook,27218.04,2,10,0,,,0.052645620304354455
O1257,2024-06-20,C238,Sports,ProGear,East,Instagram,5903.09,2,6,1,Defective,1.0,0.05569629823749
O1258,2024-06-11,C350,Sports,FitNation,West,Google Ads,15399.33,3,5,0,,,0.13320187434900882
O1259,2024-06-21,C403,Beauty,GlowStore,West,Instagram,19000.29,1,6,0,,,0.0554862551795388
O1260,2024-05-20,C226,Sports,ProGear,North,Google Ads,43532.52,1,10,1,Defective,1.0,0.11710082167118015
O1261,2024-05-31,C555,Home Decor,HomeEssence,East,YouTube Ads,41441.54,2,2,1,Not as described,0.0,0.03917421101022709
O1262,2024-02-13,C186,Sports,ProGear,South,YouTube Ads,1078.72,1,9,1,Defective,1.0,0.10705920518193743
O1263,2024-01-22,C573,Beauty,BeautyCart,South,Facebook,38524.62,2,6,0,,,0.06228333410963355
O1264,2024-06-09,C190,Home Decor,HomeEssence,East,Email,33593.24,1,4,0,,,0.028532303272204303
O1265,2024-04-02,C532,Home Decor,HomeEssence,East,Google Ads,8143.55,3,10,0,,,0.04312528810694474
O1266,2024-04-29,C593,Fashion,UrbanLook,South,Facebook,19942.99,2,6,1,Size Issue,0.0,0.048261213030153835
O1267,2024-03-21,C571,Fashion,UrbanLook,North,Email,3044.48,1,8,0,,,0.03892751553596377
O1268,2024-04-27,C331,Beauty,GlowStore,South,Email,21187.75,1,7,0,,,0.07585374485848231
O1269,2024-03-06,C519,Home Decor,DecoHub,South,YouTube Ads,24565.89,2,10,0,,,0.0885623665036926
O1270,2024-06-23,C216,Fashion,StyleHub,West,Instagram,17018.98,2,7,0,,,0.030965788755282272
O1271,2024-05-07,C493,Sports,FitNation,East,Facebook,29176.88,3,6,0,,,0.07782898789040398
O1272,2024-04-06,C305,Sports,FitNation,East,Facebook,31171.48,2,10,0,,,0.08070790678708828
O1273,2024-05-27,C385,Sports,FitNation,West,Instagram,26126.31,3,5,0,,,0.11690672393093267
O1274,2024-06-23,C591,Fashion,TrendWear,North,Instagram,23901.94,2,9,0,,,0.05350878519450217
O1275,2024-06-12,C476,Fashion,StyleHub,South,YouTube Ads,16927.65,3,9,0,,,0.06512719131052576
O1276,2024-03-14,C149,Sports,FitNation,East,Email,42978.11,3,3,1,Size Issue,0.0,0.1105710202962184
O1277,2024-01-30,C186,Fashion,TrendWear,West,Facebook,22745.45,3,7,0,,,0.0747789400420964
O1278,2024-05-04,C417,Home Decor,HomeEssence,South,Google Ads,13898.45,1,3,1,Defective,1.0,0.03437239616157031
O1279,2024-01-30,C547,Sports,FitNation,West,Email,10181.62,2,10,0,,,0.12800466982405387
O1280,2024-04-09,C283,Sports,ProGear,East,Facebook,13481.55,2,8,0,,,0.05025137371602742
O1281,2024-02-04,C301,Electronics,ElectroWorld,North,Google Ads,7825.63,2,4,1,Not as described,0.0,0.03280911591532292
O1282,2024-04-29,C530,Home Decor,DecoHub,North,Instagram,40128.21,3,5,1,Defective,1.0,0.052005815190247634
O1283,2024-02-24,C130,Sports,ProGear,West,Google Ads,2144.92,1,6,0,,,0.07064747209544435
O1284,2024-05-26,C391,Home Decor,HomeEssence,West,Email,7521.24,1,7,0,,,0.033276207794520216
O1285,2024-06-19,C430,Home Decor,DecoHub,North,Email,44711.73,1,7,0,,,0.04564614954162368
O1286,2024-01-29,C439,Home Decor,HomeEssence,East,Facebook,3945.48,1,4,0,,,0.011904532939698233
O1287,2024-01-15,C272,Fashion,TrendWear,South,Email,34737.48,2,5,1,Quality issue,1.0,0.11039442879512398
O1288,2024-01-25,C476,Fashion,StyleHub,West,Instagram,35231.84,3,2,0,,,0.037744221478648095
O1289,2024-04-01,C523,Beauty,GlowStore,East,Email,30183.46,3,2,0,,,0.07150614711354265
O1290,2024-02-18,C541,Beauty,GlowStore,East,Instagram,28683.24,3,4,1,Quality issue,1.0,0.06993720025367901
O1291,2024-04-28,C574,Beauty,GlowStore,West,Email,19696.62,3,6,0,,,0.1075210420144862
O1292,2024-01-08,C480,Home Decor,DecoHub,West,Email,10566.95,2,4,0,,,0.044968694269375935
O1293,2024-06-08,C431,Home Decor,HomeEssence,South,Instagram,34665.04,3,4,1,Size Issue,0.0,0.042988353022045935
O1294,2024-03-13,C304,Home Decor,DecoHub,East,Instagram,44680.08,1,3,0,,,0.03009974813877413
O1295,2024-01-17,C168,Home Decor,HomeEssence,East,YouTube Ads,6108.5,2,9,1,Not as described,0.0,0.03455927536509034
O1296,2024-01-10,C571,Sports,ProGear,East,Google Ads,2833.13,2,7,0,,,0.06473367222564048
O1297,2024-05-20,C304,Home Decor,DecoHub,East,Instagram,2068.41,1,2,1,Quality issue,1.0,0.01791138116987789
O1298,2024-06-03,C329,Sports,ProGear,South,YouTube Ads,5733.55,1,9,0,,,0.09871451053179707
O1299,2024-02-09,C147,Home Decor,DecoHub,South,Facebook,29890.67,1,5,1,Quality issue,1.0,0.037439479154043005
O1300,2024-03-06,C184,Home Decor,HomeEssence,West,Email,9482.87,2,9,1,Not as described,0.0,0.042781655486521394
O1301,2024-05-05,C578,Home Decor,HomeEssence,West,YouTube Ads,8914.22,3,2,0,,,0.04776883713159253
O1302,2024-04-29,C423,Beauty,GlowStore,East,Instagram,23749.06,1,9,0,,,0.04874059824395244
O1303,2024-03-25,C151,Beauty,BeautyCart,North,Instagram,25549.55,2,6,0,,,0.04121015486499782
O1304,2024-02-19,C202,Beauty,BeautyCart,North,YouTube Ads,44155.23,3,4,0,,,0.09226491473484481
O1305,2024-01-31,C344,Home Decor,DecoHub,East,Email,39843.51,2,9,0,,,0.06215572855021982
O1306,2024-05-18,C133,Fashion,StyleHub,South,Instagram,35866.58,2,10,1,Defective,1.0,0.05404922851810034
O1307,2024-05-24,C463,Home Decor,DecoHub,East,Facebook,39913.55,3,6,1,Size Issue,0.0,0.038663986794184306
O1308,2024-01-30,C189,Sports,ProGear,South,Email,23040.93,2,5,1,Size Issue,0.0,0.09389267218272199
O1309,2024-06-22,C486,Home Decor,DecoHub,South,YouTube Ads,17189.07,1,4,0,,,0.04754035882906119
O1310,2024-01-25,C540,Home Decor,DecoHub,South,Facebook,18214.98,1,7,1,Quality issue,1.0,0.03531149450189322
O1311,2024-04-04,C541,Electronics,ElectroWorld,West,Facebook,46849.11,1,7,1,Defective,1.0,0.06728026450002028
O1312,2024-06-27,C108,Fashion,StyleHub,West,Google Ads,12350.89,3,3,0,,,0.03865028660566961
O1313,2024-03-09,C448,Home Decor,DecoHub,East,Email,20096.2,3,8,1,Not as described,0.0,0.04992692356990159
O1314,2024-01-14,C445,Sports,ProGear,South,YouTube Ads,25631.26,1,9,0,,,0.1283993792564803
O1315,2024-03-18,C486,Sports,FitNation,South,Instagram,23401.86,3,7,1,Not as described,0.0,0.11139126700270881
O1316,2024-03-26,C186,Fashion,UrbanLook,East,Email,10025.71,1,3,0,,,0.03500862995276435
O1317,2024-01-21,C507,Beauty,GlowStore,East,Instagram,25692.77,3,8,0,,,0.07138588270009627
O1318,2024-01-01,C130,Sports,FitNation,East,Email,28715.41,1,9,0,,,0.0916898829262385
O1319,2024-01-24,C118,Electronics,ElectroWorld,North,Google Ads,13540.25,3,8,1,Quality issue,1.0,0.06928215081257212
O1320,2024-01-28,C447,Beauty,BeautyCart,West,Google Ads,2902.25,3,4,1,Not as described,0.0,0.061583049381204055
O1321,2024-06-22,C177,Beauty,GlowStore,South,YouTube Ads,37740.2,3,7,0,,,0.1659502365304443
O1322,2024-01-28,C505,Electronics,SmartBuy,West,Google Ads,36078.7,2,10,1,Not as described,0.0,0.04319630435934246
O1323,2024-04-08,C208,Sports,ProGear,West,Google Ads,2168.95,3,3,0,,,0.09006011768805765
O1324,2024-05-24,C523,Home Decor,HomeEssence,West,Email,21265.08,2,5,0,,,0.0447503671846839
O1325,2024-04-06,C184,Sports,FitNation,West,YouTube Ads,32380.15,2,8,0,,,0.18307067124566728
O1326,2024-05-06,C432,Fashion,TrendWear,West,Facebook,4821.46,3,7,0,,,0.05827723336688423
O1327,2024-06-04,C354,Electronics,SmartBuy,East,Facebook,41054.44,3,4,0,,,0.01964993969518368
O1328,2024-03-10,C493,Electronics,TechZone,East,Email,28803.83,3,9,1,Quality issue,1.0,0.06185540920474682
O1329,2024-02-28,C410,Fashion,StyleHub,South,Google Ads,21283.23,2,2,1,Size Issue,0.0,0.029853139407076457
O1330,2024-03-30,C295,Electronics,SmartBuy,East,Facebook,19035.76,3,3,0,,,0.013460621126126115
O1331,2024-06-11,C403,Fashion,TrendWear,West,Google Ads,30781.58,1,7,0,,,0.08744158244497248
O1332,2024-01-16,C347,Fashion,TrendWear,South,Instagram,36807.24,1,9,1,Size Issue,0.0,0.07054174531536057
O1333,2024-06-29,C335,Sports,ProGear,West,Email,45588.61,2,6,1,Size Issue,0.0,0.13642643670971968
O1334,2024-01-31,C557,Beauty,BeautyCart,South,Email,2034.47,2,4,1,Quality issue,1.0,0.059564105114748946
O1335,2024-04-02,C248,Fashion,UrbanLook,South,Email,40207.91,1,8,0,,,0.09657525382841278
O1336,2024-02-04,C415,Sports,FitNation,East,Google Ads,8922.65,3,4,0,,,0.08292145543281322
O1337,2024-05-25,C112,Home Decor,HomeEssence,South,Facebook,12301.72,2,5,0,,,0.024769250131301893
O1338,2024-04-18,C398,Beauty,GlowStore,East,Email,43485.58,1,4,0,,,0.06381926477482994
O1339,2024-05-31,C344,Home Decor,HomeEssence,East,Email,6422.37,3,9,0,,,0.03856093337753398
O1340,2024-05-01,C437,Electronics,SmartBuy,West,Instagram,49074.77,3,7,0,,,0.04443157702494629
O1341,2024-01-01,C391,Home Decor,DecoHub,East,Email,36018.19,2,8,0,,,0.05585479532159356
O1342,2024-02-12,C279,Beauty,GlowStore,West,YouTube Ads,18954.59,1,8,0,,,0.0960471617769886
O1343,2024-04-22,C156,Sports,FitNation,West,Email,1498.64,3,2,0,,,0.09243998326346071
O1344,2024-04-17,C246,Home Decor,DecoHub,South,Google Ads,19649.64,2,2,0,,,0.04615386366638971
O1345,2024-05-17,C330,Sports,ProGear,South,Instagram,45041.1,3,3,1,Size Issue,0.0,0.1080961508976362
O1346,2024-02-02,C382,Home Decor,HomeEssence,West,Facebook,38278.86,2,7,0,,,0.04134132490786052
O1347,2024-04-11,C362,Electronics,ElectroWorld,South,YouTube Ads,17366.14,2,2,1,Size Issue,0.0,0.05914906959030699
O1348,2024-06-21,C482,Electronics,ElectroWorld,East,YouTube Ads,35663.45,2,4,0,,,0.06716540486580741
O1349,2024-05-10,C354,Sports,FitNation,North,Facebook,4223.55,3,10,0,,,0.0637830055377537
O1350,2024-03-03,C510,Electronics,ElectroWorld,East,YouTube Ads,14793.05,3,4,0,,,0.06149686788996243
O1351,2024-03-26,C417,Sports,FitNation,West,YouTube Ads,47949.78,1,10,1,Defective,1.0,0.23015786441736938
O1352,2024-05-21,C411,Electronics,TechZone,East,Facebook,48239.84,3,6,1,Not as described,0.0,0.03534712276575836
O1353,2024-02-10,C282,Fashion,UrbanLook,South,Google Ads,3920.47,2,2,0,,,0.05391259059891755
O1354,2024-03-31,C463,Electronics,SmartBuy,East,Instagram,20572.59,1,5,0,,,0.01192946067970162
O1355,2024-04-29,C428,Home Decor,HomeEssence,South,Email,23717.8,2,5,0,,,0.04506365286354575
O1356,2024-01-13,C302,Electronics,TechZone,East,Email,20763.93,2,9,1,Size Issue,0.0,0.03511898669847966
O1357,2024-04-03,C315,Fashion,TrendWear,South,YouTube Ads,48886.54,2,5,0,,,0.13821665614263812
O1358,2024-05-14,C296,Home Decor,HomeEssence,East,YouTube Ads,6339.67,3,10,0,,,0.0494882940434642
O1359,2024-01-15,C370,Beauty,BeautyCart,East,YouTube Ads,2960.91,1,3,0,,,0.03485661264263635
O1360,2024-05-21,C262,Fashion,UrbanLook,East,Facebook,34928.86,1,7,0,,,0.0403645925325134
O1361,2024-03-05,C586,Sports,ProGear,North,Google Ads,43291.49,3,6,0,,,0.12167836033853792
O1362,2024-01-03,C461,Electronics,TechZone,South,Instagram,37616.78,1,9,1,Not as described,0.0,0.03896485617483041
O1363,2024-06-12,C312,Electronics,SmartBuy,West,Instagram,34605.58,1,10,0,,,0.027992643845032115
O1364,2024-05-07,C362,Home Decor,DecoHub,West,YouTube Ads,45108.03,1,3,1,Late Delivery,0.0,0.06256851644769534
O1365,2024-02-14,C247,Sports,ProGear,North,Facebook,40110.47,2,2,0,,,0.04969330369735483
O1366,2024-01-07,C188,Sports,ProGear,West,YouTube Ads,38350.03,3,7,1,Late Delivery,0.0,0.18628996791197677
O1367,2024-05-13,C200,Electronics,SmartBuy,South,YouTube Ads,32598.3,3,3,0,,,0.04354863669617993
O1368,2024-03-12,C281,Electronics,TechZone,North,YouTube Ads,3201.69,3,2,0,,,0.02875553497540608
O1369,2024-06-16,C530,Sports,FitNation,West,Instagram,48520.66,1,8,0,,,0.12433698128370993
O1370,2024-03-04,C317,Sports,ProGear,East,Instagram,38338.72,3,9,0,,,0.10710226822272938
O1371,2024-06-02,C453,Sports,FitNation,East,Email,24872.19,3,10,1,Late Delivery,0.0,0.1236366537204795
O1372,2024-05-17,C433,Sports,ProGear,South,Google Ads,22302.8,1,6,1,Not as described,0.0,0.08289286712834704
O1373,2024-01-03,C192,Fashion,StyleHub,East,Email,4437.53,3,10,0,,,0.03398919541438392
O1374,2024-02-03,C298,Sports,ProGear,East,Google Ads,37706.14,3,5,0,,,0.11429470384517755
O1375,2024-05-08,C459,Fashion,StyleHub,West,Email,31268.58,2,5,0,,,0.04436899959851819
O1376,2024-04-06,C388,Fashion,UrbanLook,North,Email,25905.01,2,6,0,,,0.05939319911699201
O1377,2024-05-26,C320,Electronics,TechZone,West,Instagram,11441.84,1,7,0,,,0.027085590287185445
O1378,2024-03-24,C369,Sports,ProGear,West,YouTube Ads,580.07,3,6,1,Late Delivery,0.0,0.10972663482124759
O1379,2024-01-25,C545,Fashion,UrbanLook,North,YouTube Ads,41531.27,1,10,0,,,0.08994764184849594
O1380,2024-06-03,C403,Fashion,StyleHub,North,Facebook,38980.4,2,5,0,,,0.020826036237488403
O1381,2024-02-06,C246,Electronics,TechZone,East,Google Ads,28363.6,2,5,0,,,0.03577313004204836
O1382,2024-02-06,C104,Sports,ProGear,North,YouTube Ads,17731.28,2,3,0,,,0.07091745159378661
O1383,2024-03-22,C231,Sports,FitNation,East,Email,35542.62,1,5,1,Defective,1.0,0.09465465244845589
O1384,2024-04-23,C187,Beauty,GlowStore,North,Email,16680.79,1,6,0,,,0.04562165835754337
O1385,2024-03-19,C234,Electronics,ElectroWorld,West,YouTube Ads,9498.86,3,3,0,,,0.07702409122921544
O1386,2024-01-21,C452,Beauty,GlowStore,South,Email,49388.42,1,5,0,,,0.10036505767553522
O1387,2024-04-11,C105,Fashion,UrbanLook,South,YouTube Ads,2754.95,1,3,0,,,0.05359440715870817
O1388,2024-04-23,C254,Sports,ProGear,West,Instagram,13645.23,2,2,0,,,0.06156516931339748
O1389,2024-06-21,C327,Fashion,TrendWear,West,Email,9184.26,1,2,0,,,0.04813592847443236
O1390,2024-03-06,C423,Beauty,BeautyCart,South,Google Ads,40729.72,2,10,0,,,0.12253156059805533
O1391,2024-04-05,C374,Home Decor,HomeEssence,South,Instagram,9582.66,2,8,0,,,0.03328330459261533
O1392,2024-04-12,C284,Sports,ProGear,South,Email,11729.14,1,8,0,,,0.08436721612694059
O1393,2024-05-03,C478,Fashion,TrendWear,North,Email,15568.33,3,8,0,,,0.07159288205863151
O1394,2024-01-16,C557,Beauty,BeautyCart,West,Instagram,9548.55,2,6,0,,,0.05024774236382607
O1395,2024-06-21,C537,Sports,FitNation,North,Facebook,10460.04,1,7,0,,,0.039294368779715864
O1396,2024-05-04,C218,Electronics,ElectroWorld,North,Email,36363.29,2,9,0,,,0.06836805282682701
O1397,2024-06-21,C152,Beauty,BeautyCart,East,Email,49225.88,2,8,0,,,0.08804466858288648
O1398,2024-01-14,C456,Home Decor,DecoHub,West,Google Ads,21538.68,3,3,0,,,0.06309823066898382
O1399,2024-05-07,C523,Sports,ProGear,East,Facebook,30051.74,2,5,0,,,0.05405800413400359
O1400,2024-05-22,C323,Fashion,UrbanLook,South,Facebook,12745.07,3,9,0,,,0.06885036565915845
O1401,2024-01-28,C582,Sports,ProGear,West,YouTube Ads,22577.18,2,2,0,,,0.10803364950254683
O1402,2024-06-13,C341,Fashion,StyleHub,West,Facebook,17757.97,3,6,0,,,0.030850362491883287
O1403,2024-03-25,C214,Home Decor,DecoHub,South,Google Ads,21218.74,2,7,0,,,0.06167909102950242
O1404,2024-04-26,C579,Sports,ProGear,North,Email,41764.63,2,7,0,,,0.10030602480062506
O1405,2024-01-15,C346,Electronics,SmartBuy,South,Instagram,23364.75,3,9,0,,,0.0333307857318967
O1406,2024-03-22,C314,Electronics,TechZone,East,Facebook,49868.54,3,2,0,,,0.03196108988252204
O1407,2024-05-09,C377,Beauty,BeautyCart,South,Instagram,35721.17,1,5,0,,,0.05458557755388832
O1408,2024-03-16,C226,Beauty,GlowStore,South,Google Ads,5859.76,3,4,0,,,0.08087782157437423
O1409,2024-06-22,C411,Beauty,GlowStore,North,Instagram,36581.05,2,6,1,Size Issue,0.0,0.05215221341903303
O1410,2024-03-04,C115,Fashion,TrendWear,West,Google Ads,12773.71,1,3,0,,,0.0552039655123378
O1411,2024-05-07,C478,Beauty,GlowStore,South,Facebook,9583.67,1,9,0,,,0.04701349962331446
O1412,2024-04-08,C389,Electronics,ElectroWorld,West,YouTube Ads,15232.65,2,10,1,Quality issue,1.0,0.11317197434816254
O1413,2024-01-10,C327,Fashion,StyleHub,East,Email,21039.93,3,2,0,,,0.027851617294259
O1414,2024-05-01,C505,Home Decor,HomeEssence,North,Facebook,42762.39,1,8,0,,,0.024529187794607617
O1415,2024-05-19,C467,Fashion,TrendWear,South,Facebook,37163.53,1,6,0,,,0.056259384171177804
O1416,2024-06-21,C512,Home Decor,HomeEssence,North,YouTube Ads,18493.48,3,9,0,,,0.05217107441160647
O1417,2024-02-01,C524,Fashion,StyleHub,West,Instagram,2639.42,1,3,0,,,0.016291520456808407
O1418,2024-05-12,C404,Electronics,TechZone,North,Google Ads,36582.73,2,3,0,,,0.03377343542467511
O1419,2024-03-10,C377,Electronics,TechZone,North,Instagram,3396.44,3,5,0,,,0.021308217910239294
O1420,2024-04-21,C255,Home Decor,DecoHub,South,YouTube Ads,20217.2,1,7,0,,,0.05827390684425863
O1421,2024-05-02,C269,Home Decor,HomeEssence,East,YouTube Ads,13212.43,1,6,0,,,0.02895548505666694
O1422,2024-06-23,C194,Electronics,TechZone,South,YouTube Ads,13965.47,2,9,0,,,0.05935708100133379
O1423,2024-02-18,C156,Fashion,TrendWear,South,Facebook,23916.45,2,6,0,,,0.05729452767075832
O1424,2024-01-01,C205,Home Decor,DecoHub,East,Google Ads,42746.08,2,8,0,,,0.0633927729675519
O1425,2024-02-19,C126,Fashion,TrendWear,South,Email,43109.28,3,6,0,,,0.13604474655360926
O1426,2024-05-15,C551,Fashion,UrbanLook,East,Facebook,40331.54,1,3,1,Defective,1.0,0.04090536775495878
O1427,2024-03-31,C516,Sports,ProGear,West,Google Ads,6889.84,2,5,0,,,0.08738104020254303
O1428,2024-02-05,C289,Beauty,GlowStore,North,Instagram,11220.83,2,8,0,,,0.04450338129531956
O1429,2024-02-24,C460,Sports,ProGear,East,Google Ads,34190.86,3,10,0,,,0.13979804541648583
O1430,2024-01-03,C303,Electronics,TechZone,South,Email,45289.68,3,7,1,Quality issue,1.0,0.0963305913954258
O1431,2024-01-03,C304,Fashion,UrbanLook,West,YouTube Ads,3612.77,2,2,1,Quality issue,1.0,0.07520459400454753
O1432,2024-04-02,C160,Beauty,BeautyCart,East,YouTube Ads,2133.25,1,9,0,,,0.047708477756575655
O1433,2024-02-18,C586,Beauty,GlowStore,West,Instagram,37390.67,3,10,1,Not as described,0.0,0.11932963778436143
O1434,2024-01-28,C562,Home Decor,HomeEssence,North,YouTube Ads,20485.72,3,3,0,,,0.038807190259078674
O1435,2024-03-20,C514,Electronics,TechZone,West,Email,29282.35,1,7,0,,,0.04560691681753948
O1436,2024-05-22,C485,Fashion,TrendWear,North,Instagram,25776.1,1,3,0,,,0.03225604562549819
O1437,2024-05-27,C286,Beauty,BeautyCart,South,Google Ads,48844.98,2,6,1,Size Issue,0.0,0.10228204346492319
O1438,2024-01-09,C169,Beauty,GlowStore,South,Facebook,44771.12,2,2,0,,,0.06509867060504386
O1439,2024-05-10,C131,Fashion,TrendWear,East,YouTube Ads,9864.0,3,6,0,,,0.07682699520358734
O1440,2024-02-05,C582,Electronics,SmartBuy,East,Facebook,16350.17,2,7,1,Late Delivery,0.0,0.01186014655834755
O1441,2024-01-01,C473,Electronics,TechZone,South,Email,3946.71,3,8,0,,,0.049372381635839735
O1442,2024-06-23,C215,Sports,FitNation,North,YouTube Ads,22719.51,2,2,0,,,0.08126374927335657
O1443,2024-06-15,C235,Sports,FitNation,South,Google Ads,31885.74,3,10,0,,,0.20204147130884706
O1444,2024-01-19,C179,Electronics,SmartBuy,South,Instagram,22490.61,2,4,0,,,0.020231792694272378
O1445,2024-02-25,C246,Beauty,BeautyCart,North,YouTube Ads,40399.86,2,9,0,,,0.09313926870250072
O1446,2024-05-04,C197,Home Decor,DecoHub,West,YouTube Ads,26611.94,2,6,1,Size Issue,0.0,0.06939999937088451
O1447,2024-03-30,C493,Beauty,BeautyCart,West,YouTube Ads,22382.83,1,3,0,,,0.06571603824082163
O1448,2024-02-17,C340,Beauty,GlowStore,East,Google Ads,36770.83,3,10,0,,,0.12148288785493547
O1449,2024-04-25,C109,Home Decor,HomeEssence,South,Facebook,37605.28,2,10,0,,,0.04683584455276054
O1450,2024-06-22,C479,Sports,FitNation,West,Instagram,10518.9,1,6,0,,,0.06715248768689133
O1451,2024-02-10,C348,Electronics,TechZone,North,Facebook,47940.94,3,2,0,,,0.029077081241881932
O1452,2024-04-08,C475,Home Decor,HomeEssence,East,Email,33149.68,1,10,1,Not as described,0.0,0.03582196279202487
O1453,2024-06-06,C558,Sports,ProGear,North,Google Ads,22830.35,1,7,0,,,0.06548808547501866
O1454,2024-04-23,C203,Sports,ProGear,North,Facebook,37846.18,3,7,0,,,0.07691786554933115
O1455,2024-01-12,C180,Home Decor,DecoHub,South,Instagram,15208.03,2,8,0,,,0.044617208814780554
O1456,2024-01-19,C119,Fashion,StyleHub,East,Google Ads,31384.63,3,2,0,,,0.033435510276631976
O1457,2024-06-21,C507,Sports,ProGear,North,Facebook,12812.51,2,3,0,,,0.035538410335518134
O1458,2024-04-01,C275,Electronics,SmartBuy,South,Facebook,20269.81,1,3,0,,,0.012600580199665803
O1459,2024-05-02,C143,Sports,ProGear,East,Facebook,11851.46,1,3,0,,,0.03038039721900535
O1460,2024-06-17,C317,Sports,ProGear,South,Facebook,33819.76,3,6,0,,,0.10113444681009316
O1461,2024-06-25,C439,Electronics,SmartBuy,East,Instagram,35353.25,2,5,0,,,0.018344677522309987
O1462,2024-03-08,C148,Beauty,BeautyCart,East,YouTube Ads,8356.78,1,9,0,,,0.052101491112351656
O1463,2024-02-11,C194,Sports,ProGear,North,YouTube Ads,36949.21,2,4,1,Quality issue,1.0,0.11204596878598372
O1464,2024-04-29,C192,Home Decor,HomeEssence,East,Email,6887.11,3,5,0,,,0.031199122059757875
O1465,2024-03-25,C544,Beauty,GlowStore,East,Google Ads,6751.62,3,9,0,,,0.07711260706763867
O1466,2024-05-17,C318,Home Decor,HomeEssence,South,Google Ads,21067.87,3,6,0,,,0.05811878021079709
O1467,2024-06-23,C558,Sports,ProGear,North,Google Ads,26276.95,1,6,0,,,0.06516702140145028
O1468,2024-02-25,C498,Home Decor,HomeEssence,West,YouTube Ads,44459.82,3,8,0,,,0.10684969114767269
O1469,2024-04-12,C162,Fashion,UrbanLook,East,Instagram,15368.76,3,5,0,,,0.04903591078245825
O1470,2024-01-28,C269,Sports,FitNation,South,Instagram,41786.69,1,8,0,,,0.11090499541841287
O1471,2024-03-23,C106,Electronics,TechZone,West,Instagram,18688.02,1,4,0,,,0.025502321406385815
O1472,2024-03-01,C221,Electronics,TechZone,East,Facebook,38653.56,1,8,0,,,0.024806208471716572
O1473,2024-06-06,C426,Home Decor,DecoHub,North,Instagram,11473.22,2,6,0,,,0.025339995860685506
O1474,2024-05-09,C136,Fashion,StyleHub,North,Email,15711.1,3,7,0,,,0.03174296286612511
O1475,2024-05-20,C103,Fashion,StyleHub,South,Facebook,4787.2,2,3,0,,,0.017020249376296884
O1476,2024-02-27,C304,Home Decor,HomeEssence,North,Google Ads,9389.86,2,3,0,,,0.022694173501232554
O1477,2024-01-21,C247,Home Decor,HomeEssence,North,Instagram,29537.03,2,5,0,,,0.025129104835678075
O1478,2024-05-20,C331,Sports,ProGear,East,YouTube Ads,4691.51,1,7,0,,,0.06366369096591548
O1479,2024-04-11,C129,Home Decor,HomeEssence,East,Facebook,30547.06,3,6,0,,,0.030000989541551174
O1480,2024-06-02,C215,Electronics,TechZone,East,Instagram,30278.89,1,6,1,Not as described,0.0,0.02119625286235188
O1481,2024-05-23,C405,Fashion,UrbanLook,South,YouTube Ads,14177.24,1,7,0,,,0.07765274702562297
O1482,2024-01-28,C580,Sports,FitNation,West,Google Ads,12339.59,3,5,1,Quality issue,1.0,0.14694980374622807
O1483,2024-06-12,C129,Sports,ProGear,East,YouTube Ads,4429.77,1,6,0,,,0.060151096589390995
O1484,2024-01-11,C515,Fashion,UrbanLook,North,YouTube Ads,45156.91,1,5,0,,,0.07288017816547175
O1485,2024-04-09,C386,Beauty,BeautyCart,South,Email,33841.74,1,3,0,,,0.0618886313791146
O1486,2024-03-09,C163,Fashion,UrbanLook,West,Instagram,25528.67,2,6,0,,,0.06937298173192417
O1487,2024-03-08,C355,Electronics,TechZone,East,Google Ads,3330.15,2,8,1,Late Delivery,0.0,0.026722206682961377
O1488,2024-03-13,C542,Beauty,GlowStore,West,Google Ads,48820.95,2,6,0,,,0.13415116642757172
O1489,2024-01-09,C189,Beauty,BeautyCart,East,Instagram,42449.71,1,8,0,,,0.05069660814023469
O1490,2024-03-02,C304,Home Decor,HomeEssence,South,Email,46839.1,2,9,0,,,0.0770767894720416
O1491,2024-03-22,C301,Sports,FitNation,East,Facebook,36314.14,1,9,0,,,0.06726858518094399
O1492,2024-05-26,C563,Beauty,BeautyCart,South,YouTube Ads,17036.18,3,10,0,,,0.12633196151640919
O1493,2024-05-12,C575,Fashion,TrendWear,North,Instagram,29408.35,3,10,0,,,0.07463170555391961
O1494,2024-01-30,C474,Electronics,TechZone,East,Google Ads,18187.9,1,5,1,Size Issue,0.0,0.022747016354982764
O1495,2024-06-14,C171,Sports,FitNation,South,Google Ads,36424.99,2,5,1,Quality issue,1.0,0.1616723326453174
O1496,2024-03-04,C465,Beauty,GlowStore,South,Facebook,48245.55,3,6,1,Late Delivery,0.0,0.09383757104778895
O1497,2024-04-26,C445,Beauty,GlowStore,North,Instagram,49956.12,2,2,0,,,0.05576385723123903
O1498,2024-03-07,C157,Electronics,ElectroWorld,North,YouTube Ads,19062.12,3,3,0,,,0.05802330856761144
O1499,2024-02-18,C570,Beauty,GlowStore,West,Instagram,7212.84,2,5,0,,,0.054678107452371325
O1500,2024-02-05,C442,Sports,ProGear,West,Google Ads,17744.88,3,2,1,Quality issue,1.0,0.12156596064267551
O1501,2024-04-27,C297,Home Decor,HomeEssence,West,YouTube Ads,33929.97,2,9,0,,,0.08015431925784108
O1502,2024-04-24,C156,Electronics,TechZone,North,Instagram,40284.94,2,4,0,,,0.0278986537536028
O1503,2024-01-23,C397,Electronics,SmartBuy,West,Email,8618.94,2,10,0,,,0.030967886374894053
O1504,2024-06-02,C433,Sports,ProGear,North,Email,43153.71,2,5,0,,,0.0922608714582271
O1505,2024-06-07,C127,Beauty,GlowStore,West,Email,7362.85,1,2,0,,,0.04927664119689762
O1506,2024-06-02,C478,Sports,FitNation,North,YouTube Ads,14188.03,2,7,0,,,0.09369027508112657
O1507,2024-02-26,C112,Electronics,TechZone,East,Email,19636.9,1,9,0,,,0.030805320417188208
O1508,2024-01-19,C502,Electronics,SmartBuy,South,Facebook,10054.99,1,4,0,,,0.011465333223351276
O1509,2024-04-16,C407,Fashion,UrbanLook,East,Instagram,30817.67,2,6,0,,,0.05240855452410476
O1510,2024-05-20,C481,Electronics,ElectroWorld,East,Email,23396.66,2,6,0,,,0.051849922352670885
O1511,2024-06-14,C438,Sports,FitNation,South,Instagram,8693.97,1,3,0,,,0.05429526066574189
O1512,2024-05-22,C257,Electronics,SmartBuy,South,Instagram,46892.12,3,4,0,,,0.03557453821389613
O1513,2024-01-05,C481,Home Decor,DecoHub,West,Instagram,39517.21,1,10,0,,,0.05862921333369453
O1514,2024-04-30,C522,Sports,FitNation,West,Email,44740.73,3,6,1,Late Delivery,0.0,0.18070403269433197
O1515,2024-06-18,C579,Electronics,ElectroWorld,West,Google Ads,12284.25,1,3,1,Quality issue,1.0,0.052815078859661156
O1516,2024-01-25,C172,Sports,FitNation,North,Email,33670.14,3,3,0,,,0.10024825016556649
O1517,2024-03-04,C512,Fashion,UrbanLook,North,YouTube Ads,28649.64,1,5,0,,,0.05791248926853573
O1518,2024-05-29,C118,Home Decor,DecoHub,East,Email,47136.48,1,6,0,,,0.04779925097071146
O1519,2024-05-22,C424,Sports,FitNation,East,Facebook,16397.13,2,7,0,,,0.056112281452223446
O1520,2024-01-19,C215,Fashion,UrbanLook,East,Email,33510.57,2,3,0,,,0.06008546565514244
O1521,2024-02-09,C417,Electronics,TechZone,East,YouTube Ads,19701.79,2,3,0,,,0.03340126221738118
O1522,2024-05-06,C498,Beauty,BeautyCart,West,Email,5168.19,2,10,1,Defective,1.0,0.08756176469209564
O1523,2024-06-29,C396,Fashion,StyleHub,West,Google Ads,37860.95,3,5,1,Size Issue,0.0,0.05633194721937311
O1524,2024-06-11,C277,Beauty,BeautyCart,North,Instagram,44718.07,2,2,0,,,0.043611399374262394
O1525,2024-05-15,C426,Fashion,StyleHub,North,YouTube Ads,16910.11,3,10,0,,,0.046326546352310045
O1526,2024-04-14,C480,Sports,ProGear,West,Instagram,40722.95,3,2,0,,,0.10869965345324942
O1527,2024-05-28,C354,Home Decor,HomeEssence,East,Facebook,7004.37,3,9,1,Defective,1.0,0.029392756525520994
O1528,2024-01-24,C137,Sports,ProGear,East,Email,48362.25,1,5,1,Late Delivery,0.0,0.07910866591680527
O1529,2024-02-21,C342,Home Decor,HomeEssence,West,YouTube Ads,10804.52,3,4,1,Not as described,0.0,0.04978320681344344
O1530,2024-01-09,C533,Sports,ProGear,North,Google Ads,36133.78,3,6,1,Size Issue,0.0,0.10145213087036252
O1531,2024-05-05,C152,Electronics,SmartBuy,North,Google Ads,676.85,1,6,0,,,0.011933036431236723
O1532,2024-05-31,C480,Sports,FitNation,East,Instagram,23228.39,1,4,0,,,0.050573520630756465
O1533,2024-03-24,C118,Electronics,TechZone,North,Email,37009.91,3,3,0,,,0.04050095303228422
O1534,2024-06-19,C284,Sports,FitNation,West,Email,15847.0,2,7,0,,,0.11877061186492796
O1535,2024-05-26,C254,Electronics,SmartBuy,West,Facebook,23934.07,3,3,1,Defective,1.0,0.02449715989050849
O1536,2024-03-12,C262,Sports,FitNation,West,YouTube Ads,13812.61,2,4,1,Size Issue,0.0,0.10942698268796061
O1537,2024-02-22,C337,Home Decor,HomeEssence,South,Instagram,38995.77,2,4,1,Late Delivery,0.0,0.03714628888403589
O1538,2024-06-08,C290,Home Decor,DecoHub,North,Facebook,44601.78,3,8,0,,,0.04736854558168459
O1539,2024-04-06,C280,Home Decor,DecoHub,North,Facebook,18038.11,3,6,0,,,0.029024154801134107
O1540,2024-06-18,C537,Electronics,ElectroWorld,East,Email,5930.26,2,3,0,,,0.03435175987695307
O1541,2024-05-22,C138,Electronics,SmartBuy,South,YouTube Ads,28569.99,2,7,0,,,0.04150215810306366
O1542,2024-02-13,C452,Home Decor,DecoHub,East,Facebook,18742.85,1,4,0,,,0.0183902512103625
O1543,2024-05-27,C195,Home Decor,HomeEssence,West,Instagram,35298.06,1,10,1,Not as described,0.0,0.04077914404558008
O1544,2024-01-29,C345,Beauty,GlowStore,South,YouTube Ads,20976.76,3,6,1,Defective,1.0,0.14664909950181076
O1545,2024-01-02,C577,Electronics,ElectroWorld,North,Google Ads,5616.72,2,3,1,Size Issue,0.0,0.0300846291841214
O1546,2024-03-15,C267,Beauty,BeautyCart,East,Google Ads,38777.34,2,2,0,,,0.057399647460264096
O1547,2024-06-20,C165,Fashion,StyleHub,East,Facebook,41883.37,1,7,0,,,0.021002339404460422
O1548,2024-03-27,C325,Fashion,UrbanLook,East,Facebook,23229.61,2,3,0,,,0.033809662462163326
O1549,2024-03-14,C368,Beauty,BeautyCart,West,Email,28972.2,2,9,1,Defective,1.0,0.1144792879761464
O1550,2024-02-23,C417,Fashion,UrbanLook,West,Email,7913.52,2,2,1,Not as described,0.0,0.051730920563032134
O1551,2024-04-15,C593,Home Decor,DecoHub,South,YouTube Ads,43484.13,3,7,0,,,0.11892609736770919
O1552,2024-03-12,C462,Electronics,ElectroWorld,North,Facebook,33205.6,1,4,0,,,0.026386070190455677
O1553,2024-01-26,C506,Sports,ProGear,West,Email,10699.77,1,2,0,,,0.06237772452919118
O1554,2024-01-13,C554,Fashion,TrendWear,East,Email,20700.64,3,6,0,,,0.07375482337160323
O1555,2024-02-01,C291,Beauty,BeautyCart,South,Facebook,27535.57,3,7,1,Late Delivery,0.0,0.06296600128536028
O1556,2024-04-16,C420,Home Decor,HomeEssence,West,Google Ads,48473.58,1,4,0,,,0.05242915503830964
O1557,2024-04-11,C501,Beauty,GlowStore,South,Facebook,16375.83,1,9,0,,,0.05176013752524988
O1558,2024-01-12,C400,Sports,ProGear,South,Email,31346.61,3,6,1,Late Delivery,0.0,0.13353976616708255
O1559,2024-05-11,C139,Electronics,SmartBuy,South,Email,38231.61,1,7,0,,,0.03174005804043955
O1560,2024-06-19,C193,Sports,ProGear,West,Google Ads,45919.95,2,4,1,Quality issue,1.0,0.15956880893624473
O1561,2024-05-31,C429,Electronics,TechZone,East,YouTube Ads,32033.74,1,8,0,,,0.042486603665116016
O1562,2024-01-13,C168,Fashion,StyleHub,East,Email,22259.22,1,8,0,,,0.025877059539939948
O1563,2024-03-10,C291,Electronics,ElectroWorld,South,Email,21137.63,1,6,0,,,0.05687048563239102
O1564,2024-01-15,C390,Home Decor,HomeEssence,South,Email,40925.95,1,8,0,,,0.05498750054464491
O1565,2024-01-28,C447,Electronics,TechZone,North,Google Ads,11041.65,3,7,0,,,0.03587674266978714
O1566,2024-02-02,C427,Sports,FitNation,South,Email,22556.84,1,6,0,,,0.09915333706981856
O1567,2024-02-27,C163,Electronics,TechZone,South,Email,31894.55,3,8,0,,,0.07300576944495758
O1568,2024-04-14,C554,Beauty,BeautyCart,West,Facebook,3355.1,1,2,0,,,0.02534541687983943
O1569,2024-04-15,C189,Home Decor,HomeEssence,North,YouTube Ads,47300.5,3,10,0,,,0.08211701888711807
O1570,2024-04-17,C421,Home Decor,HomeEssence,East,Facebook,39759.29,3,6,0,,,0.0342626662368923
O1571,2024-02-22,C372,Fashion,StyleHub,North,Google Ads,18764.75,3,2,1,Late Delivery,0.0,0.02368630616274009
O1572,2024-03-14,C138,Fashion,StyleHub,West,Instagram,23661.75,1,7,0,,,0.027622133180383257
O1573,2024-05-09,C369,Electronics,ElectroWorld,West,Facebook,2018.51,3,7,0,,,0.046374667644395254
O1574,2024-06-16,C432,Beauty,BeautyCart,North,Instagram,25136.99,3,5,0,,,0.04773995717765912
O1575,2024-06-26,C301,Fashion,TrendWear,East,Facebook,12642.85,3,3,0,,,0.036626505282346525
O1576,2024-02-18,C363,Beauty,GlowStore,West,Email,33551.84,3,7,1,Size Issue,0.0,0.12441599775325575
O1577,2024-06-11,C186,Electronics,ElectroWorld,East,Google Ads,47864.28,3,6,0,,,0.09190219918935386
O1578,2024-04-26,C492,Fashion,TrendWear,West,YouTube Ads,40609.18,3,4,0,,,0.14626652374480417
O1579,2024-02-04,C388,Sports,FitNation,North,Google Ads,19942.3,3,2,1,Size Issue,0.0,0.07452910883557762
O1580,2024-02-22,C316,Electronics,ElectroWorld,South,Email,16333.1,1,7,0,,,0.05607285302558465
O1581,2024-01-10,C427,Fashion,StyleHub,West,YouTube Ads,11209.38,3,7,0,,,0.05555531375895903
O1582,2024-04-28,C571,Electronics,ElectroWorld,South,Google Ads,43711.35,1,6,0,,,0.08033746142933673
O1583,2024-03-21,C346,Beauty,BeautyCart,West,Google Ads,35241.02,1,9,0,,,0.09158235265011416
O1584,2024-04-18,C313,Home Decor,DecoHub,North,Instagram,16437.44,3,2,1,Size Issue,0.0,0.024520258880257096
O1585,2024-03-15,C567,Fashion,UrbanLook,North,Email,14681.09,1,9,1,Late Delivery,0.0,0.04417812733336978
O1586,2024-06-18,C325,Fashion,StyleHub,North,Instagram,25315.51,2,2,0,,,0.01714191332440162
O1587,2024-05-18,C210,Beauty,BeautyCart,East,Google Ads,17603.95,2,3,0,,,0.04489857496974728
O1588,2024-06-18,C222,Sports,FitNation,North,Google Ads,11884.9,1,6,0,,,0.060192420073766253
O1589,2024-04-27,C138,Beauty,BeautyCart,West,Google Ads,35120.79,2,2,0,,,0.0775726237095828
O1590,2024-03-01,C554,Beauty,GlowStore,North,Email,11406.77,3,2,1,Quality issue,1.0,0.0599443248902585
O1591,2024-01-13,C278,Home Decor,DecoHub,East,Facebook,11270.18,1,5,1,Quality issue,1.0,0.020386267478721385
O1592,2024-01-16,C261,Home Decor,DecoHub,North,Email,6012.23,1,4,0,,,0.022174263870681134
O1593,2024-06-17,C514,Beauty,GlowStore,South,Facebook,32707.55,3,4,0,,,0.07485643749159078
O1594,2024-03-28,C259,Home Decor,HomeEssence,West,YouTube Ads,4742.57,2,3,0,,,0.0386184816555043
O1595,2024-03-26,C217,Home Decor,HomeEssence,West,Instagram,13236.2,3,10,0,,,0.04948526420520725
O1596,2024-03-12,C227,Home Decor,HomeEssence,North,Instagram,8439.76,2,10,1,Size Issue,0.0,0.022150663604844006
O1597,2024-02-22,C350,Home Decor,HomeEssence,West,Email,23969.56,1,7,1,Defective,1.0,0.04906698367761033
O1598,2024-02-16,C534,Fashion,UrbanLook,South,Google Ads,8851.53,3,9,0,,,0.10168406315842222
O1599,2024-04-26,C284,Sports,ProGear,West,Facebook,19210.18,3,6,0,,,0.08524860603594431
O1600,2024-02-18,C581,Sports,FitNation,West,Facebook,43965.89,2,2,1,Late Delivery,0.0,0.08198817225270366
O1601,2024-04-08,C254,Home Decor,DecoHub,East,Email,47216.82,3,5,0,,,0.06825286143114348
O1602,2024-03-07,C237,Electronics,SmartBuy,West,Email,43845.62,1,5,1,Size Issue,0.0,0.028854860055664528
O1603,2024-01-29,C118,Sports,FitNation,North,Instagram,31256.5,1,7,0,,,0.06227661707072175
O1604,2024-01-10,C116,Beauty,GlowStore,North,Instagram,47215.54,2,10,0,,,0.08186491886614065
O1605,2024-03-25,C118,Fashion,StyleHub,North,Facebook,24037.25,1,5,1,Late Delivery,0.0,0.01227662944718665
O1606,2024-01-23,C535,Sports,ProGear,South,YouTube Ads,3222.9,2,10,0,,,0.12177518230362785
O1607,2024-05-10,C227,Sports,ProGear,South,Google Ads,7534.79,1,2,0,,,0.05996652187547425
O1608,2024-02-15,C478,Beauty,GlowStore,East,YouTube Ads,27448.16,2,10,0,,,0.10313838764269467
O1609,2024-01-02,C281,Electronics,SmartBuy,East,Facebook,13712.15,3,10,0,,,0.0183873039451392
O1610,2024-02-27,C549,Sports,ProGear,East,Email,19546.23,3,6,0,,,0.09146223187820433
O1611,2024-04-27,C363,Home Decor,DecoHub,East,Google Ads,39845.89,1,8,0,,,0.04960527863232567
O1612,2024-05-17,C105,Sports,FitNation,North,YouTube Ads,8068.55,1,3,0,,,0.05712945620802641
O1613,2024-05-03,C288,Sports,FitNation,North,Instagram,36681.86,1,7,0,,,0.06716659410760845
O1614,2024-06-07,C397,Electronics,ElectroWorld,South,Facebook,24525.23,2,7,1,Not as described,0.0,0.045997410238132454
O1615,2024-02-18,C231,Fashion,StyleHub,North,Facebook,20896.69,3,3,0,,,0.017698396399396507
O1616,2024-02-01,C483,Sports,ProGear,South,Instagram,30434.4,2,3,0,,,0.07968379628592656
O1617,2024-05-02,C373,Home Decor,HomeEssence,North,Email,3257.1,3,5,0,,,0.027690825768941104
O1618,2024-04-25,C251,Electronics,TechZone,South,Facebook,45311.34,2,8,1,Late Delivery,0.0,0.04287719997862321
O1619,2024-02-01,C458,Home Decor,HomeEssence,North,Email,41984.55,3,3,0,,,0.04331922765717145
O1620,2024-06-22,C140,Electronics,ElectroWorld,South,Instagram,7452.54,3,9,0,,,0.06394345563147716
O1621,2024-03-08,C526,Home Decor,HomeEssence,South,Google Ads,19118.02,1,3,0,,,0.03175104224243673
O1622,2024-06-23,C587,Electronics,ElectroWorld,West,Facebook,44106.14,3,6,1,Not as described,0.0,0.07235259912013614
O1623,2024-06-12,C581,Electronics,SmartBuy,West,Email,36108.11,3,9,0,,,0.05346434051632844
O1624,2024-02-16,C554,Home Decor,DecoHub,West,Instagram,36400.6,1,3,0,,,0.03846688324304629
O1625,2024-04-27,C381,Sports,ProGear,East,Instagram,35708.94,2,7,0,,,0.07658156834638086
O1626,2024-06-14,C554,Fashion,StyleHub,East,Facebook,31274.63,1,6,0,,,0.01701451318317517
O1627,2024-06-03,C472,Beauty,GlowStore,South,Email,18309.47,2,7,1,Not as described,0.0,0.08134488743774937
O1628,2024-03-29,C477,Fashion,TrendWear,West,YouTube Ads,18386.92,1,3,0,,,0.07010042701197344
O1629,2024-04-01,C207,Home Decor,HomeEssence,West,Instagram,15348.24,1,10,0,,,0.033660372352956776
O1630,2024-04-02,C152,Fashion,UrbanLook,South,Facebook,29446.81,2,4,0,,,0.05440527873025418
O1631,2024-06-16,C456,Sports,ProGear,North,Facebook,27788.41,1,3,0,,,0.035759236323015475
O1632,2024-04-24,C347,Sports,FitNation,South,Instagram,1835.63,3,6,0,,,0.08654809427246055
O1633,2024-05-03,C560,Fashion,TrendWear,North,Google Ads,8746.61,1,6,0,,,0.0400700094764028
O1634,2024-01-31,C418,Beauty,BeautyCart,West,Facebook,32677.13,2,2,0,,,0.04760560239932773
O1635,2024-04-29,C322,Sports,FitNation,North,YouTube Ads,10440.6,2,2,0,,,0.06861186081742761
O1636,2024-04-16,C317,Fashion,UrbanLook,West,Email,31381.91,2,9,1,Size Issue,0.0,0.10314236236093076
O1637,2024-04-18,C218,Beauty,BeautyCart,South,Instagram,7997.7,3,4,1,Late Delivery,0.0,0.04806036639067733
O1638,2024-05-16,C281,Fashion,UrbanLook,East,Email,38812.74,1,8,0,,,0.06883651249181597
O1639,2024-03-20,C282,Fashion,TrendWear,South,Email,29067.62,2,6,0,,,0.0932679055283106
O1640,2024-01-12,C311,Sports,FitNation,West,Google Ads,40265.26,3,8,0,,,0.20870866751000813
O1641,2024-04-23,C503,Electronics,SmartBuy,East,Instagram,32554.32,2,5,0,,,0.017608731746511702
O1642,2024-05-01,C539,Sports,ProGear,South,Instagram,29575.22,3,7,0,,,0.11749324748538147
O1643,2024-05-31,C518,Electronics,SmartBuy,South,Google Ads,13228.49,1,4,0,,,0.019344956339493985
O1644,2024-01-01,C527,Sports,FitNation,North,Email,35468.38,1,5,1,Not as described,0.0,0.07006144144335066
O1645,2024-03-01,C176,Beauty,GlowStore,South,Email,10819.25,2,9,1,Not as described,0.0,0.0814662486284145
O1646,2024-05-24,C418,Fashion,TrendWear,West,Instagram,28590.53,2,7,0,,,0.07797644667324248
O1647,2024-02-24,C250,Home Decor,DecoHub,South,Google Ads,46102.57,3,8,0,,,0.11123342939336675
O1648,2024-01-03,C573,Beauty,GlowStore,West,Google Ads,37438.68,2,5,0,,,0.10998462847080716
O1649,2024-05-23,C483,Beauty,GlowStore,South,Email,9995.61,1,5,0,,,0.058415313779280977
O1650,2024-04-09,C133,Home Decor,HomeEssence,North,Instagram,41061.59,2,2,1,Quality issue,1.0,0.02940877869739805
O1651,2024-04-15,C161,Beauty,GlowStore,West,Facebook,31274.85,2,8,1,Not as described,0.0,0.06948116384264402
O1652,2024-04-24,C509,Home Decor,DecoHub,East,Email,20556.07,2,3,0,,,0.03419589788790993
O1653,2024-01-11,C499,Fashion,StyleHub,North,YouTube Ads,26141.77,2,3,1,Not as described,0.0,0.026651693288766848
O1654,2024-03-29,C273,Electronics,TechZone,South,Google Ads,30985.07,2,3,0,,,0.04652017810927431
O1655,2024-01-10,C367,Fashion,StyleHub,South,Email,47588.58,1,2,0,,,0.03760029821045901
O1656,2024-02-13,C545,Sports,FitNation,South,YouTube Ads,4130.51,3,2,1,Size Issue,0.0,0.10278969973607385
O1657,2024-05-08,C520,Sports,ProGear,East,Google Ads,45854.81,2,6,1,Defective,1.0,0.1271396468163775
O1658,2024-02-06,C482,Fashion,StyleHub,North,Facebook,35842.32,3,8,0,,,0.029006848369219213
O1659,2024-05-24,C381,Beauty,GlowStore,South,Email,20014.53,2,9,0,,,0.10086264677428389
O1660,2024-05-17,C141,Fashion,UrbanLook,North,Google Ads,32455.02,2,10,0,,,0.08286938390259352
O1661,2024-01-10,C409,Fashion,UrbanLook,North,Email,12569.36,1,10,1,Defective,1.0,0.0577868841134819
O1662,2024-05-29,C462,Fashion,StyleHub,North,Email,16151.56,3,8,0,,,0.03374273085969777
O1663,2024-02-18,C258,Home Decor,DecoHub,North,Google Ads,19814.1,3,2,1,Late Delivery,0.0,0.03474951520524581
O1664,2024-02-04,C376,Electronics,SmartBuy,North,Instagram,20852.32,3,2,0,,,0.01451603740029871
O1665,2024-01-23,C452,Home Decor,HomeEssence,South,Google Ads,25971.89,3,2,1,Quality issue,1.0,0.05847252379545666
O1666,2024-01-31,C423,Electronics,SmartBuy,South,Email,34599.31,1,4,0,,,0.025535220171028005
O1667,2024-03-16,C125,Beauty,GlowStore,East,Google Ads,39326.05,2,8,0,,,0.09361595654975065
O1668,2024-04-08,C551,Beauty,GlowStore,East,Google Ads,6001.71,2,5,0,,,0.05037961994428068
O1669,2024-06-23,C476,Beauty,BeautyCart,East,Instagram,35711.07,2,3,1,Defective,1.0,0.050364291587200814
O1670,2024-06-04,C221,Home Decor,DecoHub,North,Google Ads,15056.97,3,9,0,,,0.052106717171534436
O1671,2024-06-24,C576,Home Decor,HomeEssence,West,Email,23958.97,3,4,1,Not as described,0.0,0.049330805482191764
O1672,2024-02-01,C472,Electronics,TechZone,North,YouTube Ads,30536.48,3,4,0,,,0.04745490639950178
O1673,2024-03-01,C116,Electronics,TechZone,North,Google Ads,25937.96,3,3,0,,,0.03572144475730748
O1674,2024-04-10,C283,Sports,FitNation,East,Facebook,25964.6,3,8,0,,,0.08265048465936026
O1675,2024-04-27,C448,Home Decor,DecoHub,South,Email,15666.37,2,10,0,,,0.06480053374673063
O1676,2024-01-16,C499,Beauty,GlowStore,East,Instagram,2405.9,3,5,0,,,0.04384395622559663
O1677,2024-06-19,C264,Beauty,GlowStore,East,Google Ads,41292.29,1,5,0,,,0.06739339959750579
O1678,2024-04-13,C494,Sports,ProGear,North,YouTube Ads,16858.85,2,3,1,Size Issue,0.0,0.06394719706841454
O1679,2024-02-29,C533,Beauty,BeautyCart,South,Instagram,36701.84,3,5,1,Not as described,0.0,0.0757282317872472
O1680,2024-05-22,C243,Home Decor,DecoHub,West,Email,12551.97,2,6,1,Late Delivery,0.0,0.046933871187776526
O1681,2024-05-02,C244,Sports,ProGear,North,Email,25775.32,2,2,0,,,0.062093270478250376
O1682,2024-01-24,C559,Beauty,BeautyCart,North,Facebook,35832.59,2,2,0,,,0.032447923188104945
O1683,2024-03-29,C401,Home Decor,HomeEssence,North,Email,13721.2,3,6,0,,,0.034023269637631116
O1684,2024-04-05,C470,Home Decor,DecoHub,North,Google Ads,39884.38,1,4,0,,,0.03741910178575086
O1685,2024-03-12,C105,Electronics,TechZone,West,Facebook,3867.66,3,9,0,,,0.0348066430838587
O1686,2024-01-13,C152,Sports,ProGear,East,Google Ads,18156.36,3,3,0,,,0.079290534021254
O1687,2024-06-27,C511,Electronics,SmartBuy,East,Instagram,939.66,2,4,0,,,0.010465611745847083
O1688,2024-04-01,C377,Home Decor,HomeEssence,West,Instagram,48417.9,3,5,1,Not as described,0.0,0.05666922630789908
O1689,2024-05-17,C200,Beauty,BeautyCart,South,Google Ads,1032.01,1,5,0,,,0.04480097351729352
O1690,2024-05-25,C332,Electronics,ElectroWorld,North,Google Ads,36086.03,1,5,1,Defective,1.0,0.05390879220392343
O1691,2024-05-16,C551,Electronics,TechZone,North,YouTube Ads,40574.46,3,3,0,,,0.05183672451827947
O1692,2024-05-02,C163,Beauty,GlowStore,West,Google Ads,49947.28,2,6,0,,,0.1361120303838441
O1693,2024-04-30,C408,Home Decor,DecoHub,West,Instagram,4202.64,2,2,1,Defective,1.0,0.03297388341363909
O1694,2024-01-01,C106,Sports,ProGear,South,Google Ads,31296.37,1,9,0,,,0.11899666956013275
O1695,2024-05-11,C391,Home Decor,HomeEssence,West,Google Ads,8866.68,2,9,0,,,0.048118446724811144
O1696,2024-05-19,C165,Beauty,BeautyCart,North,Google Ads,45639.64,2,4,1,Quality issue,1.0,0.07640555260975566
O1697,2024-06-29,C295,Electronics,TechZone,North,YouTube Ads,39819.74,3,5,0,,,0.057083093459157165
O1698,2024-01-27,C137,Beauty,GlowStore,North,Email,24209.21,2,8,1,Not as described,0.0,0.0631740197041394
O1699,2024-05-02,C195,Electronics,TechZone,North,Facebook,19616.05,1,6,0,,,0.015717125131392444
O1700,2024-05-26,C509,Sports,ProGear,South,Google Ads,31891.71,2,9,0,,,0.14474403557447837
O1701,2024-06-24,C431,Fashion,UrbanLook,West,Email,10247.1,2,9,0,,,0.08473518077218208
O1702,2024-02-03,C113,Electronics,SmartBuy,North,Google Ads,20720.21,2,10,0,,,0.02472748491750279
O1703,2024-05-20,C457,Home Decor,HomeEssence,North,Instagram,4389.98,1,9,0,,,0.01758198714217568
O1704,2024-01-28,C356,Sports,ProGear,North,Email,36599.44,1,5,0,,,0.06909752794075238
O1705,2024-02-28,C439,Electronics,TechZone,North,Email,38288.78,3,9,0,,,0.05697746318432107
O1706,2024-01-12,C390,Home Decor,DecoHub,West,Google Ads,19732.94,2,10,0,,,0.07274642468486738
O1707,2024-05-16,C583,Electronics,SmartBuy,West,Email,30292.88,1,8,0,,,0.030758510076233
O1708,2024-05-27,C311,Fashion,StyleHub,East,Google Ads,7451.55,3,6,0,,,0.029476399814650396
O1709,2024-01-23,C519,Sports,ProGear,West,Instagram,22281.3,1,5,1,Late Delivery,0.0,0.06063846716874777
O1710,2024-04-09,C583,Fashion,UrbanLook,North,Google Ads,3706.87,1,4,0,,,0.03265703565246933
O1711,2024-05-11,C494,Beauty,BeautyCart,West,Instagram,48902.9,1,6,0,,,0.07111670902969958
O1712,2024-03-05,C398,Home Decor,DecoHub,East,YouTube Ads,21526.92,3,3,0,,,0.05194778083732967
O1713,2024-04-15,C399,Sports,FitNation,East,Google Ads,9417.41,2,8,0,,,0.08423169304181276
O1714,2024-03-21,C513,Electronics,ElectroWorld,West,Instagram,3354.31,3,2,1,Defective,1.0,0.04964668529285729
O1715,2024-04-25,C375,Beauty,BeautyCart,East,Facebook,41204.16,2,7,1,Defective,1.0,0.05713568584851338
O1716,2024-05-14,C153,Beauty,GlowStore,West,YouTube Ads,31334.62,3,5,0,,,0.14258384696826928
O1717,2024-05-17,C313,Home Decor,HomeEssence,North,Google Ads,15186.31,3,3,1,Size Issue,0.0,0.027716524108867373
O1718,2024-06-15,C244,Electronics,SmartBuy,West,Email,26813.28,3,10,0,,,0.049470006711124406
O1719,2024-02-08,C369,Electronics,ElectroWorld,North,Instagram,25664.72,2,3,0,,,0.0327510198415158
O1720,2024-03-24,C233,Beauty,BeautyCart,South,Facebook,17287.14,1,7,0,,,0.039612979675342816
O1721,2024-05-11,C319,Sports,ProGear,West,Facebook,44057.14,1,4,0,,,0.07246158581107852
O1722,2024-04-12,C571,Beauty,GlowStore,North,Email,4019.95,2,5,1,Size Issue,0.0,0.040420726375200056
O1723,2024-06-10,C177,Sports,FitNation,South,Email,19181.81,2,10,0,,,0.1401699437474347
O1724,2024-06-16,C500,Fashion,TrendWear,East,Instagram,31704.15,2,10,0,,,0.06715338991556723
O1725,2024-04-18,C376,Home Decor,DecoHub,North,YouTube Ads,16305.58,3,7,0,,,0.05602092964052034
O1726,2024-04-09,C435,Beauty,GlowStore,South,Facebook,8856.53,3,3,0,,,0.05087004785240125
O1727,2024-05-09,C397,Fashion,StyleHub,East,Google Ads,47235.19,2,7,0,,,0.04471605577475127
O1728,2024-03-01,C271,Fashion,UrbanLook,North,Instagram,18877.1,1,8,0,,,0.03750632492970083
O1729,2024-05-03,C372,Beauty,BeautyCart,East,Google Ads,15682.67,1,5,0,,,0.039562966086060525
O1730,2024-02-23,C398,Electronics,TechZone,South,YouTube Ads,9957.65,3,7,0,,,0.06184807134730922
O1731,2024-02-11,C332,Electronics,TechZone,North,YouTube Ads,18609.97,1,4,0,,,0.026330426440382554
O1732,2024-05-06,C454,Sports,FitNation,North,YouTube Ads,5907.34,2,9,0,,,0.09283177399680094
O1733,2024-05-15,C497,Beauty,BeautyCart,North,Google Ads,48513.81,1,3,0,,,0.05302753571444095
O1734,2024-04-09,C288,Home Decor,DecoHub,East,Facebook,2801.97,2,2,0,,,0.01612113497473983
O1735,2024-03-26,C462,Beauty,GlowStore,East,YouTube Ads,19078.41,3,5,1,Size Issue,0.0,0.0793082359577756
O1736,2024-03-06,C484,Fashion,StyleHub,West,Facebook,11526.82,2,2,0,,,0.018286140948732262
O1737,2024-02-12,C182,Sports,FitNation,East,Instagram,30534.03,2,6,0,,,0.0762983152494235
O1738,2024-06-05,C298,Beauty,BeautyCart,South,Instagram,18473.29,3,5,1,Late Delivery,0.0,0.058778907788075464
O1739,2024-06-27,C363,Fashion,StyleHub,East,Instagram,11362.39,3,8,0,,,0.025788603673580074
O1740,2024-01-17,C552,Fashion,UrbanLook,North,Facebook,5013.71,3,7,0,,,0.03733655790180828
O1741,2024-04-09,C561,Beauty,BeautyCart,East,Instagram,27311.86,2,10,1,Quality issue,1.0,0.0650271243869927
O1742,2024-02-28,C559,Beauty,BeautyCart,East,Email,11606.96,1,9,1,Late Delivery,0.0,0.04085026356898827
O1743,2024-05-16,C272,Fashion,StyleHub,North,Google Ads,37832.02,2,9,0,,,0.040801524602894844
O1744,2024-01-30,C135,Electronics,TechZone,North,Facebook,42928.73,1,8,0,,,0.024682055944777705
O1745,2024-03-31,C467,Fashion,TrendWear,East,Facebook,11618.45,3,8,0,,,0.047338841197233916
O1746,2024-02-17,C524,Beauty,BeautyCart,West,Instagram,40378.78,1,9,0,,,0.07399794749224305
O1747,2024-03-05,C241,Home Decor,DecoHub,West,Google Ads,21812.7,2,6,0,,,0.06061591505020085
O1748,2024-05-09,C504,Sports,FitNation,West,Google Ads,23055.36,3,6,0,,,0.15416604879537485
O1749,2024-05-16,C453,Beauty,BeautyCart,East,Facebook,2623.03,3,9,0,,,0.03886047803098082
O1750,2024-06-14,C378,Sports,ProGear,East,Email,6372.5,1,8,1,Not as described,0.0,0.05165087767062048
O1751,2024-01-24,C598,Beauty,GlowStore,West,Instagram,35989.44,1,9,0,,,0.08228808515128665
O1752,2024-02-10,C200,Fashion,StyleHub,South,YouTube Ads,38715.42,2,10,0,,,0.07588816705258437
O1753,2024-01-29,C279,Sports,ProGear,East,Google Ads,20196.06,3,6,0,,,0.09519076996599313
O1754,2024-03-18,C209,Home Decor,DecoHub,South,Instagram,30947.37,2,8,1,Not as described,0.0,0.05081221190313393
O1755,2024-04-17,C257,Home Decor,HomeEssence,East,Instagram,29627.9,1,10,0,,,0.02869944669891604
O1756,2024-04-07,C583,Fashion,StyleHub,South,Email,8099.43,1,6,0,,,0.026486831220391624
O1757,2024-04-12,C192,Fashion,StyleHub,South,Google Ads,26655.82,1,10,0,,,0.044487035567895426
O1758,2024-04-21,C233,Sports,FitNation,East,YouTube Ads,9925.56,3,7,0,,,0.11431645672220121
O1759,2024-01-22,C568,Sports,FitNation,East,Facebook,3258.75,3,8,0,,,0.06036378764214469
O1760,2024-02-13,C519,Home Decor,HomeEssence,East,Instagram,36599.96,1,5,0,,,0.02410583527441629
O1761,2024-04-28,C506,Home Decor,DecoHub,South,YouTube Ads,13203.12,3,5,0,,,0.07129812609381199
O1762,2024-02-18,C194,Fashion,TrendWear,East,Facebook,5110.18,3,9,1,Not as described,0.0,0.04147857362942001
O1763,2024-04-20,C304,Beauty,GlowStore,East,Google Ads,31223.59,3,10,0,,,0.11293599361924685
O1764,2024-05-10,C573,Sports,FitNation,East,Instagram,4137.77,2,2,0,,,0.04255999698195182
O1765,2024-05-09,C482,Sports,FitNation,South,Google Ads,29662.2,2,6,1,Not as described,0.0,0.12480353114065962
O1766,2024-02-20,C295,Sports,FitNation,South,YouTube Ads,666.18,1,3,0,,,0.07606867815728152
O1767,2024-03-13,C371,Beauty,BeautyCart,East,Facebook,18383.6,2,5,0,,,0.031785908526255645
O1768,2024-05-11,C399,Fashion,UrbanLook,West,Email,26077.03,2,2,1,Size Issue,0.0,0.06673176298859662
O1769,2024-04-18,C346,Fashion,StyleHub,North,Google Ads,11159.13,3,4,0,,,0.026057518786508974
O1770,2024-05-08,C383,Sports,FitNation,South,Facebook,48356.1,1,9,0,,,0.10890309146210624
O1771,2024-02-10,C249,Home Decor,DecoHub,South,Google Ads,13367.94,2,6,0,,,0.0523667424547004
O1772,2024-03-07,C201,Beauty,GlowStore,West,YouTube Ads,27486.52,1,5,0,,,0.09240281570859968
O1773,2024-03-06,C314,Sports,ProGear,West,Facebook,36323.26,1,3,0,,,0.06172901072312723
O1774,2024-03-12,C580,Home Decor,HomeEssence,South,Instagram,21713.92,2,2,0,,,0.028533213628406613
O1775,2024-01-23,C239,Electronics,TechZone,East,Email,31840.87,3,7,0,,,0.049885320276072356
O1776,2024-06-29,C431,Fashion,TrendWear,West,YouTube Ads,34885.05,1,6,0,,,0.10251526133125204
O1777,2024-05-15,C217,Beauty,GlowStore,South,YouTube Ads,17182.08,2,3,0,,,0.0859663562152276
O1778,2024-01-28,C459,Electronics,TechZone,South,Facebook,35247.77,3,2,0,,,0.036246151155782544
O1779,2024-06-05,C444,Fashion,StyleHub,South,YouTube Ads,29023.63,3,6,0,,,0.06576242420143379
O1780,2024-06-26,C227,Beauty,GlowStore,East,Facebook,38042.37,2,3,0,,,0.0449497753033764
O1781,2024-06-13,C266,Electronics,SmartBuy,South,Google Ads,22229.33,3,8,0,,,0.04180717308882688
O1782,2024-03-11,C169,Beauty,GlowStore,East,Facebook,19830.01,2,8,0,,,0.0454548188552267
O1783,2024-05-25,C286,Fashion,UrbanLook,South,Facebook,14400.44,3,4,0,,,0.05402209310529505
O1784,2024-02-10,C454,Fashion,StyleHub,North,Email,39785.57,2,8,0,,,0.038447078118067524
O1785,2024-02-21,C510,Electronics,TechZone,East,Facebook,43114.98,1,7,0,,,0.025045826212226577
O1786,2024-06-01,C465,Electronics,TechZone,South,Email,3203.39,2,5,0,,,0.03372307815055287
O1787,2024-01-08,C395,Electronics,TechZone,East,Google Ads,1164.47,1,2,0,,,0.016532395994877713
O1788,2024-06-06,C330,Fashion,StyleHub,South,Google Ads,36664.44,3,6,1,Defective,1.0,0.0723432655474299
O1789,2024-05-17,C172,Electronics,TechZone,South,YouTube Ads,22717.44,1,8,0,,,0.051863509708131465
O1790,2024-02-24,C155,Sports,ProGear,West,Facebook,5347.88,2,2,0,,,0.04641334945575148
O1791,2024-06-06,C247,Sports,ProGear,West,YouTube Ads,18425.42,1,7,0,,,0.10846716015743964
O1792,2024-02-01,C467,Home Decor,HomeEssence,North,Instagram,19194.77,1,2,0,,,0.014791438236079726
O1793,2024-02-16,C537,Fashion,TrendWear,West,Google Ads,46669.77,3,2,0,,,0.12365355028571826
O1794,2024-05-25,C333,Electronics,ElectroWorld,West,Instagram,30463.52,1,9,0,,,0.06037018434549201
O1795,2024-04-03,C309,Home Decor,HomeEssence,East,Email,22496.23,3,6,0,,,0.0412274641807349
O1796,2024-04-11,C358,Fashion,TrendWear,East,Facebook,18563.62,3,2,0,,,0.037757914023450835
O1797,2024-03-07,C314,Fashion,UrbanLook,West,Google Ads,46357.82,1,9,0,,,0.11670218391658818
O1798,2024-05-30,C367,Beauty,BeautyCart,North,YouTube Ads,34205.15,1,3,0,,,0.05095872116588372
O1799,2024-01-26,C389,Home Decor,DecoHub,North,Instagram,14299.69,2,2,0,,,0.021165273239045487
O1800,2024-01-01,C590,Electronics,TechZone,South,Email,49757.34,3,7,1,Not as described,0.0,0.0809242711264822
O1801,2024-03-24,C115,Sports,FitNation,East,Instagram,22724.16,1,7,1,Not as described,0.0,0.053754339693400155
O1802,2024-03-09,C600,Electronics,ElectroWorld,West,Instagram,21177.53,3,4,0,,,0.061054411915807856
O1803,2024-05-08,C312,Sports,ProGear,North,Email,2693.32,1,6,1,Size Issue,0.0,0.04120760279815685
O1804,2024-03-24,C104,Home Decor,DecoHub,East,Google Ads,22274.02,1,6,0,,,0.03463177037141908
O1805,2024-03-26,C280,Fashion,UrbanLook,East,Instagram,39990.82,3,5,0,,,0.06925801585138157
O1806,2024-05-08,C133,Sports,ProGear,East,Facebook,12495.37,2,7,0,,,0.04695599708911396
O1807,2024-03-03,C443,Fashion,TrendWear,South,Email,12502.25,1,3,0,,,0.05177917028699323
O1808,2024-05-09,C152,Home Decor,HomeEssence,North,Google Ads,25588.59,2,9,0,,,0.03985686595677252
O1809,2024-05-26,C409,Electronics,SmartBuy,South,Google Ads,9195.76,2,10,0,,,0.03138315774232044
O1810,2024-03-18,C494,Electronics,ElectroWorld,North,YouTube Ads,33564.01,1,5,0,,,0.052588474381999345
O1811,2024-01-29,C503,Electronics,ElectroWorld,North,YouTube Ads,16889.29,1,6,1,Quality issue,1.0,0.05101672028429707
O1812,2024-06-01,C281,Electronics,SmartBuy,East,Google Ads,16042.75,2,2,1,Late Delivery,0.0,0.014394815982766748
O1813,2024-04-15,C544,Fashion,TrendWear,South,Email,30871.49,3,3,0,,,0.0996933326167191
O1814,2024-04-22,C412,Electronics,SmartBuy,East,Facebook,3003.29,1,7,0,,,0.0086613333872919
O1815,2024-02-12,C482,Home Decor,HomeEssence,North,Email,5995.99,2,6,0,,,0.024654399642166185
O1816,2024-05-07,C253,Beauty,BeautyCart,North,Instagram,26682.06,2,6,0,,,0.04188191667169937
O1817,2024-01-08,C431,Home Decor,HomeEssence,North,Facebook,10025.27,3,8,1,Not as described,0.0,0.02113772065821155
O1818,2024-05-08,C577,Electronics,TechZone,West,Email,11321.99,2,6,0,,,0.041150517902575935
O1819,2024-03-22,C437,Fashion,UrbanLook,East,Instagram,13614.92,2,5,0,,,0.03887650227244524
O1820,2024-05-21,C119,Beauty,BeautyCart,West,YouTube Ads,21773.82,1,7,0,,,0.0803863769193993
O1821,2024-05-07,C107,Sports,ProGear,North,Instagram,28099.06,1,6,1,Defective,1.0,0.05811896217988886
O1822,2024-05-03,C293,Electronics,TechZone,North,YouTube Ads,13895.22,3,5,0,,,0.039519011193962575
O1823,2024-03-01,C509,Beauty,GlowStore,North,YouTube Ads,2967.68,3,10,1,Late Delivery,0.0,0.0774432136029805
O1824,2024-02-21,C337,Fashion,TrendWear,South,YouTube Ads,31121.13,2,4,1,Defective,1.0,0.12008449162706368
O1825,2024-03-31,C128,Beauty,BeautyCart,West,YouTube Ads,30872.76,1,4,1,Not as described,0.0,0.07114022208016475
O1826,2024-03-31,C310,Sports,ProGear,East,Facebook,30482.8,3,9,0,,,0.08221403234754018
O1827,2024-04-20,C538,Electronics,ElectroWorld,West,Email,28223.7,3,3,1,Defective,1.0,0.09532195300269347
O1828,2024-01-04,C512,Sports,FitNation,West,YouTube Ads,32408.61,1,9,1,Defective,1.0,0.1830934916448809
O1829,2024-03-11,C528,Fashion,UrbanLook,South,Email,17173.49,3,4,0,,,0.08532715164757451
O1830,2024-05-02,C257,Sports,ProGear,South,YouTube Ads,14314.69,2,7,1,Not as described,0.0,0.11123025718548177
O1831,2024-01-12,C463,Electronics,TechZone,East,YouTube Ads,25771.75,3,9,0,,,0.06189022540682164
O1832,2024-01-26,C352,Electronics,ElectroWorld,North,Google Ads,21495.47,2,5,0,,,0.04628615553477025
O1833,2024-04-23,C224,Fashion,StyleHub,East,Email,27444.7,1,4,0,,,0.02237162396995617
O1834,2024-04-14,C244,Electronics,SmartBuy,North,Google Ads,16214.91,1,7,0,,,0.015853595350157814
O1835,2024-03-11,C470,Beauty,BeautyCart,East,Google Ads,42005.37,1,5,0,,,0.05746584789987154
O1836,2024-01-22,C410,Fashion,StyleHub,East,Email,2127.72,1,3,0,,,0.01461378513897823
O1837,2024-04-05,C477,Beauty,BeautyCart,South,Email,8832.17,3,7,1,Not as described,0.0,0.07382989531987463
O1838,2024-05-31,C561,Beauty,GlowStore,West,Google Ads,920.4,3,3,1,Quality issue,1.0,0.0853614896507633
O1839,2024-05-22,C460,Beauty,BeautyCart,South,Email,33685.32,2,8,0,,,0.0978629914698352
O1840,2024-01-02,C256,Home Decor,DecoHub,North,Email,20367.77,3,8,0,,,0.051523185406481216
O1841,2024-02-15,C440,Home Decor,HomeEssence,North,Facebook,6115.43,1,9,0,,,0.015181731135028062
O1842,2024-01-13,C549,Home Decor,HomeEssence,South,Instagram,35879.58,1,9,0,,,0.04159926754621852
O1843,2024-03-18,C476,Beauty,BeautyCart,West,Instagram,6948.1,2,6,0,,,0.048430962570695756
O1844,2024-06-03,C449,Sports,ProGear,North,Instagram,40164.21,3,3,0,,,0.07572334292298688
O1845,2024-02-16,C103,Electronics,ElectroWorld,East,Google Ads,23121.77,1,2,0,,,0.03492747980919072
O1846,2024-04-27,C357,Beauty,BeautyCart,North,Google Ads,5001.15,3,3,1,Late Delivery,0.0,0.03934483447475158
O1847,2024-04-26,C215,Beauty,GlowStore,South,Instagram,46022.28,1,6,0,,,0.07862070221340825
O1848,2024-05-06,C583,Home Decor,HomeEssence,East,Instagram,43224.57,3,3,0,,,0.036190728899353874
O1849,2024-03-07,C442,Home Decor,HomeEssence,West,Email,2290.02,3,10,0,,,0.05499910712226449
O1850,2024-03-31,C316,Fashion,TrendWear,North,Instagram,19285.84,3,8,1,Late Delivery,0.0,0.053173648224539995
O1851,2024-02-23,C244,Home Decor,HomeEssence,North,Instagram,40853.92,2,6,0,,,0.031276955048184306
O1852,2024-01-30,C468,Home Decor,HomeEssence,North,Instagram,25489.18,2,9,0,,,0.02953566467472711
O1853,2024-06-15,C512,Home Decor,HomeEssence,North,Google Ads,39965.24,1,3,0,,,0.028640029685201684
O1854,2024-04-03,C493,Home Decor,HomeEssence,South,YouTube Ads,34875.75,2,8,0,,,0.07502148845449055
O1855,2024-05-16,C154,Fashion,StyleHub,West,Facebook,13209.47,1,8,0,,,0.021141405977635953
O1856,2024-02-17,C589,Fashion,TrendWear,North,Email,41624.8,1,5,0,,,0.05855471826082156
O1857,2024-05-08,C540,Beauty,BeautyCart,South,YouTube Ads,29066.19,2,3,0,,,0.08568885765394094
O1858,2024-05-14,C358,Home Decor,DecoHub,South,Email,31638.43,3,8,0,,,0.08882584259406998
O1859,2024-01-19,C350,Home Decor,HomeEssence,East,Instagram,8175.54,1,7,0,,,0.017790821916978776
O1860,2024-02-08,C101,Sports,ProGear,North,Facebook,8084.31,2,4,1,Size Issue,0.0,0.03190010345759311
O1861,2024-06-20,C396,Electronics,ElectroWorld,North,Email,22356.02,1,6,0,,,0.038897384294020176
O1862,2024-06-22,C269,Beauty,BeautyCart,West,YouTube Ads,34563.92,1,4,0,,,0.08193192610389063
O1863,2024-01-31,C437,Sports,FitNation,South,YouTube Ads,12160.0,3,3,0,,,0.1309645352056884
O1864,2024-04-26,C313,Sports,FitNation,East,YouTube Ads,5452.24,2,10,0,,,0.10331808917439383
O1865,2024-04-22,C467,Fashion,StyleHub,North,Facebook,45630.89,2,10,0,,,0.030223781805567493
O1866,2024-01-02,C217,Beauty,GlowStore,South,Google Ads,23156.3,3,3,1,Defective,1.0,0.11208373424680172
O1867,2024-01-02,C496,Sports,FitNation,East,Facebook,15088.83,1,10,1,Not as described,0.0,0.048019302237551534
O1868,2024-05-19,C331,Electronics,ElectroWorld,West,YouTube Ads,17107.51,3,4,1,Not as described,0.0,0.08230144642676625
O1869,2024-02-20,C533,Fashion,UrbanLook,East,Instagram,12626.06,2,9,0,,,0.047604968023639484
O1870,2024-02-22,C241,Sports,ProGear,South,Instagram,19864.04,3,9,0,,,0.1142701149337965
O1871,2024-02-17,C308,Home Decor,DecoHub,East,Facebook,29656.42,2,8,0,,,0.03319055754120807
O1872,2024-02-12,C243,Sports,FitNation,South,YouTube Ads,43646.04,1,6,0,,,0.15617666865467822
O1873,2024-03-25,C323,Home Decor,HomeEssence,South,Google Ads,34527.23,1,7,0,,,0.04919012324223056
O1874,2024-03-28,C147,Electronics,SmartBuy,North,YouTube Ads,23067.0,2,6,0,,,0.024243287948407206
O1875,2024-05-10,C493,Electronics,SmartBuy,South,Email,17975.34,2,9,0,,,0.03261567759819552
O1876,2024-02-24,C382,Fashion,TrendWear,North,Google Ads,5840.54,1,4,0,,,0.03446551754404237
O1877,2024-03-07,C407,Sports,FitNation,North,Instagram,37115.88,3,10,0,,,0.11696834935510778
O1878,2024-03-17,C430,Electronics,TechZone,West,Google Ads,838.96,3,5,0,,,0.042688284031582084
O1879,2024-06-06,C543,Sports,ProGear,West,YouTube Ads,45375.22,3,2,0,,,0.17440657402609844
O1880,2024-03-27,C364,Electronics,ElectroWorld,East,YouTube Ads,27113.51,3,7,1,Late Delivery,0.0,0.0779949932499713
O1881,2024-02-14,C103,Beauty,BeautyCart,North,Facebook,17532.45,1,6,0,,,0.025135871984338077
O1882,2024-04-16,C373,Fashion,UrbanLook,South,Facebook,11374.96,1,3,0,,,0.03236359514999362
O1883,2024-01-06,C362,Home Decor,HomeEssence,West,Facebook,10424.42,2,8,0,,,0.029255282354773114
O1884,2024-06-29,C124,Sports,ProGear,West,Email,22812.83,3,4,1,Quality issue,1.0,0.13902899082542167
O1885,2024-05-05,C204,Beauty,BeautyCart,East,Facebook,8179.33,3,10,1,Quality issue,1.0,0.05171139521185539
O1886,2024-05-08,C243,Home Decor,DecoHub,West,Instagram,25119.75,2,10,0,,,0.058750376515788814
O1887,2024-02-11,C109,Home Decor,HomeEssence,North,Instagram,6983.41,1,5,0,,,0.014616069445184964
O1888,2024-06-11,C376,Sports,FitNation,North,Facebook,17388.85,2,2,0,,,0.04071039281527119
O1889,2024-06-12,C583,Fashion,TrendWear,East,Email,5603.88,1,7,0,,,0.04180613348525404
O1890,2024-06-04,C301,Electronics,SmartBuy,South,Email,46456.48,1,10,0,,,0.04206356061030483
O1891,2024-02-08,C188,Fashion,StyleHub,South,Email,12007.15,2,8,0,,,0.03856103338959486
O1892,2024-01-01,C110,Electronics,ElectroWorld,West,YouTube Ads,22028.24,3,3,0,,,0.09138482961525907
O1893,2024-04-30,C435,Fashion,StyleHub,South,Email,32010.05,3,10,1,Not as described,0.0,0.06378717332016015
O1894,2024-05-12,C105,Electronics,TechZone,North,Instagram,6389.92,1,10,1,Size Issue,0.0,0.017450277907758837
O1895,2024-04-07,C283,Electronics,TechZone,East,Facebook,45223.05,3,2,0,,,0.029888008789863363
O1896,2024-06-20,C174,Sports,ProGear,South,YouTube Ads,49247.02,1,6,0,,,0.150179199348334
O1897,2024-05-31,C285,Sports,FitNation,East,Google Ads,21687.12,2,6,1,Defective,1.0,0.10369509954281593
O1898,2024-03-30,C115,Beauty,GlowStore,East,Instagram,19329.39,2,6,0,,,0.0478683619031418
O1899,2024-01-25,C467,Fashion,UrbanLook,North,Instagram,16411.72,2,4,0,,,0.03586462754047986
O1900,2024-02-13,C179,Electronics,SmartBuy,North,Instagram,45835.25,3,5,1,Defective,1.0,0.028856739525240684
O1901,2024-05-09,C480,Sports,ProGear,West,Facebook,19937.65,3,7,0,,,0.09065662715709043
O1902,2024-06-27,C385,Home Decor,HomeEssence,North,Instagram,43032.5,2,4,1,Quality issue,1.0,0.03376271345601839
O1903,2024-03-10,C136,Beauty,GlowStore,North,Google Ads,35802.82,3,4,1,Late Delivery,0.0,0.07591082877787426
O1904,2024-03-05,C305,Fashion,StyleHub,North,Instagram,44235.49,1,3,0,,,0.019318928123904365
O1905,2024-03-02,C426,Sports,ProGear,North,Facebook,42854.02,2,3,1,Size Issue,0.0,0.049671212487312724
O1906,2024-02-24,C122,Home Decor,DecoHub,South,Email,22935.59,2,2,0,,,0.046799090997046246
O1907,2024-01-26,C489,Fashion,StyleHub,East,YouTube Ads,27792.25,1,4,0,,,0.027475514726143454
O1908,2024-04-27,C158,Sports,FitNation,South,Google Ads,11190.26,3,10,1,Quality issue,1.0,0.17915545687216491
O1909,2024-01-09,C379,Fashion,UrbanLook,South,Google Ads,40676.0,3,4,0,,,0.12051293499024647
O1910,2024-06-08,C231,Home Decor,HomeEssence,East,Email,6588.07,1,7,0,,,0.02274837069992556
O1911,2024-03-16,C484,Electronics,TechZone,North,Email,26799.66,1,7,0,,,0.02863400207921238
O1912,2024-05-28,C118,Fashion,StyleHub,West,YouTube Ads,27306.39,3,6,0,,,0.06598712896722445
O1913,2024-03-09,C317,Electronics,ElectroWorld,North,Instagram,28901.82,1,5,0,,,0.031045494171280944
O1914,2024-04-18,C541,Beauty,GlowStore,West,Google Ads,10195.26,1,8,0,,,0.07285827675363452
O1915,2024-02-20,C389,Electronics,ElectroWorld,West,Email,1420.68,2,7,1,Not as described,0.0,0.05227333239496198
O1916,2024-06-09,C276,Home Decor,DecoHub,North,Email,5441.69,2,2,0,,,0.02432951144633106
O1917,2024-03-22,C410,Fashion,TrendWear,South,Facebook,34545.38,3,7,0,,,0.08557109253516963
O1918,2024-01-15,C376,Beauty,GlowStore,East,Facebook,49139.67,1,4,1,Defective,1.0,0.05259131031752455
O1919,2024-01-13,C130,Fashion,UrbanLook,North,Email,38997.33,1,5,1,Late Delivery,0.0,0.05028200780758473
O1920,2024-02-10,C175,Sports,FitNation,South,Google Ads,19476.31,3,5,0,,,0.13688104249201286
O1921,2024-02-03,C376,Home Decor,DecoHub,East,Google Ads,35107.26,3,2,0,,,0.05070753581007635
O1922,2024-01-11,C266,Electronics,TechZone,East,Email,5535.23,1,6,0,,,0.02127656828446922
O1923,2024-01-29,C206,Electronics,ElectroWorld,East,YouTube Ads,6259.84,2,6,0,,,0.04945946323026096
O1924,2024-06-28,C407,Sports,ProGear,West,Email,33109.48,1,3,0,,,0.08950330870452891
O1925,2024-06-07,C288,Fashion,StyleHub,North,Facebook,27829.02,1,9,1,Size Issue,0.0,0.01622536741082857
O1926,2024-05-03,C427,Electronics,ElectroWorld,West,Google Ads,12406.28,2,10,1,Defective,1.0,0.09346732266371605
O1927,2024-02-24,C442,Fashion,UrbanLook,East,Facebook,24293.83,2,8,0,,,0.04505540211209586
O1928,2024-01-20,C538,Fashion,StyleHub,East,Instagram,37517.01,3,5,0,,,0.031926047838887965
O1929,2024-05-31,C521,Home Decor,HomeEssence,West,Instagram,27404.89,1,6,0,,,0.032170877092803786
O1930,2024-05-21,C296,Fashion,TrendWear,West,Email,4272.45,3,7,0,,,0.08776508369297925
O1931,2024-05-23,C357,Electronics,SmartBuy,South,Facebook,27911.87,3,3,0,,,0.021580141185428794
O1932,2024-06-24,C483,Electronics,ElectroWorld,East,Facebook,39852.09,3,3,0,,,0.04463337147557213
O1933,2024-05-09,C205,Sports,FitNation,West,Google Ads,21434.79,1,7,0,,,0.10879001653929248
O1934,2024-02-12,C258,Home Decor,DecoHub,South,Facebook,43914.45,1,3,0,,,0.03519711651788387
O1935,2024-03-10,C510,Sports,ProGear,North,Email,15933.26,1,3,0,,,0.04645565860033295
O1936,2024-05-14,C563,Sports,FitNation,West,Instagram,19441.59,2,8,0,,,0.10261545712700201
O1937,2024-05-21,C493,Fashion,UrbanLook,West,Facebook,40708.16,1,6,1,Size Issue,0.0,0.054178625226458436
O1938,2024-02-02,C119,Sports,ProGear,West,Instagram,38456.98,2,3,0,,,0.09129611038824996
O1939,2024-06-08,C503,Sports,ProGear,East,YouTube Ads,13347.13,3,4,1,Quality issue,1.0,0.1056369205014313
O1940,2024-02-20,C522,Beauty,BeautyCart,East,Facebook,1879.33,3,4,0,,,0.029249101917546007
O1941,2024-02-09,C254,Beauty,BeautyCart,East,Google Ads,17585.75,3,4,0,,,0.0581719816116053
O1942,2024-01-03,C383,Sports,FitNation,West,YouTube Ads,36730.6,3,8,1,Late Delivery,0.0,0.21212766956714205
O1943,2024-05-03,C457,Beauty,GlowStore,North,Instagram,10495.37,1,9,1,Not as described,0.0,0.03437409340093897
O1944,2024-05-13,C348,Fashion,TrendWear,North,Facebook,11448.33,1,8,0,,,0.029124487323684424
O1945,2024-03-12,C135,Beauty,BeautyCart,South,Instagram,10237.55,3,5,0,,,0.05742472445162892
O1946,2024-02-18,C343,Home Decor,HomeEssence,North,Google Ads,39683.11,3,3,0,,,0.04332361585226785
O1947,2024-03-09,C299,Fashion,UrbanLook,West,Facebook,34873.17,1,3,0,,,0.046594801904493575
O1948,2024-03-08,C260,Electronics,ElectroWorld,South,Instagram,11560.46,3,6,1,Late Delivery,0.0,0.05263909797993888
O1949,2024-02-24,C287,Beauty,BeautyCart,North,Instagram,14464.62,2,7,1,Not as described,0.0,0.03378237918462747
O1950,2024-05-21,C562,Home Decor,HomeEssence,North,Google Ads,43876.13,2,9,0,,,0.05169235478619322
O1951,2024-02-03,C400,Home Decor,DecoHub,South,Email,44854.95,2,5,0,,,0.0746306407790325
O1952,2024-04-29,C483,Home Decor,HomeEssence,South,Google Ads,14988.26,1,4,0,,,0.031600183014921186
O1953,2024-01-02,C553,Beauty,GlowStore,North,Email,21115.12,1,6,0,,,0.0485856229567125
O1954,2024-06-02,C468,Electronics,ElectroWorld,South,Instagram,43489.5,3,6,0,,,0.08975288304875087
O1955,2024-06-25,C505,Fashion,StyleHub,East,Instagram,547.73,2,5,0,,,0.015078987510997663
O1956,2024-05-20,C135,Fashion,StyleHub,North,YouTube Ads,42581.44,3,6,0,,,0.05372797761589604
O1957,2024-05-16,C122,Sports,ProGear,South,Facebook,10608.42,1,2,0,,,0.039537096611206836
O1958,2024-04-15,C194,Home Decor,DecoHub,East,Facebook,34495.55,2,2,0,,,0.025599459211801588
O1959,2024-03-27,C165,Beauty,BeautyCart,West,YouTube Ads,16651.33,1,5,0,,,0.06744498828861129
O1960,2024-06-05,C199,Electronics,ElectroWorld,South,Email,41939.15,1,2,1,Quality issue,1.0,0.07141408728701636
O1961,2024-01-12,C281,Beauty,BeautyCart,West,Google Ads,38226.93,2,4,0,,,0.08978005211820328
O1962,2024-02-20,C470,Sports,ProGear,East,Facebook,24711.05,2,2,0,,,0.04263614509555096
O1963,2024-01-31,C238,Home Decor,HomeEssence,West,Google Ads,44198.84,1,10,0,,,0.067956210845687
O1964,2024-01-19,C398,Fashion,UrbanLook,North,Instagram,19039.37,3,3,1,Size Issue,0.0,0.0395357550537916
O1965,2024-05-17,C558,Fashion,StyleHub,North,Instagram,37351.96,2,6,0,,,0.02550020585620833
O1966,2024-04-08,C419,Home Decor,DecoHub,North,Instagram,11124.65,1,7,0,,,0.021563357643730595
O1967,2024-04-02,C285,Sports,ProGear,West,Instagram,13124.89,2,10,0,,,0.09287151137060792
O1968,2024-03-08,C364,Home Decor,DecoHub,South,Google Ads,26603.77,2,6,0,,,0.0630601782753387
O1969,2024-02-13,C255,Sports,ProGear,West,Instagram,41724.16,2,2,0,,,0.09064028251507084
O1970,2024-05-08,C578,Sports,ProGear,East,Email,27962.12,3,5,0,,,0.09733929538127119
O1971,2024-03-29,C438,Fashion,StyleHub,North,YouTube Ads,31052.34,1,10,0,,,0.03742529191316612
O1972,2024-01-16,C124,Sports,ProGear,East,Email,43680.65,3,6,0,,,0.12604452276840894
O1973,2024-03-12,C247,Sports,FitNation,South,Instagram,38695.32,3,9,0,,,0.16278465333193995
O1974,2024-03-29,C322,Home Decor,DecoHub,West,Email,25810.8,2,6,1,Not as described,0.0,0.056602435801494676
O1975,2024-02-02,C222,Fashion,UrbanLook,East,Instagram,3437.67,3,4,1,Late Delivery,0.0,0.03566768123511109
O1976,2024-01-31,C361,Sports,FitNation,East,Google Ads,16664.74,1,8,1,Size Issue,0.0,0.06960106181394234
O1977,2024-04-20,C358,Electronics,TechZone,East,Facebook,44775.53,1,3,0,,,0.020565758196698133
O1978,2024-03-12,C495,Electronics,ElectroWorld,West,YouTube Ads,2125.65,3,3,1,Not as described,0.0,0.06349127831842566
O1979,2024-03-15,C190,Sports,ProGear,West,Email,27642.41,3,3,1,Defective,1.0,0.14087576714521885
O1980,2024-06-03,C170,Sports,FitNation,South,YouTube Ads,9661.08,1,7,0,,,0.10558921848971488
O1981,2024-05-05,C335,Sports,FitNation,South,Email,29536.15,2,4,0,,,0.11928299027601885
O1982,2024-02-15,C429,Electronics,SmartBuy,South,Email,15869.14,1,5,0,,,0.020547755771962932
O1983,2024-03-26,C262,Beauty,BeautyCart,East,YouTube Ads,48757.81,2,3,0,,,0.08149834178158219
O1984,2024-02-16,C120,Electronics,ElectroWorld,South,Google Ads,6208.9,1,8,0,,,0.05298921025823334
O1985,2024-04-11,C527,Home Decor,DecoHub,North,Facebook,35668.91,1,7,0,,,0.025975955501468802
O1986,2024-05-08,C125,Beauty,GlowStore,East,Google Ads,3684.8,3,4,1,Not as described,0.0,0.05171717611192571
O1987,2024-06-04,C472,Beauty,GlowStore,South,YouTube Ads,17641.5,1,9,1,Size Issue,0.0,0.08850174205273026
O1988,2024-05-17,C214,Beauty,GlowStore,East,Instagram,3482.15,3,9,0,,,0.05520828808605173
O1989,2024-04-21,C168,Sports,FitNation,East,Google Ads,40688.76,3,9,0,,,0.16150158973247095
O1990,2024-06-22,C374,Electronics,SmartBuy,North,YouTube Ads,14800.29,1,4,1,Defective,1.0,0.01819421969699336
O1991,2024-05-19,C346,Beauty,GlowStore,North,YouTube Ads,7442.93,3,5,0,,,0.06939613569084867
O1992,2024-04-05,C228,Sports,FitNation,East,Email,14655.97,1,5,0,,,0.0612831181228527
O1993,2024-01-08,C368,Fashion,UrbanLook,East,Instagram,28911.25,3,10,0,,,0.07725878101905147
O1994,2024-02-07,C239,Home Decor,HomeEssence,West,Email,45820.08,3,10,0,,,0.1001618533225757
O1995,2024-05-19,C475,Sports,ProGear,North,YouTube Ads,22729.03,1,10,1,Late Delivery,0.0,0.08191317100331683
O1996,2024-04-25,C586,Sports,ProGear,West,Facebook,28343.75,3,3,1,Quality issue,1.0,0.09560582334695461
O1997,2024-03-21,C520,Sports,ProGear,East,YouTube Ads,12301.72,1,8,0,,,0.0745786138861868
O1998,2024-01-03,C274,Fashion,UrbanLook,North,Google Ads,39034.06,1,4,0,,,0.054051816775977334
O1999,2024-04-07,C228,Electronics,TechZone,West,Email,7153.33,3,8,1,Late Delivery,0.0,0.04839890027930679
O2000,2024-02-14,C347,Electronics,ElectroWorld,West,Google Ads,6721.59,3,5,0,,,0.0702519315402493
